iteration,source,method,task_family,task_name,seed,frontier_id,selected_frontier,objective_key,objective_value,best_so_far_objective,best_so_far_objective_iteration,combined_score,best_so_far_combined_score,best_so_far_combined_score_iteration,candidate_score,local_best,global_best_before,global_best_after,global_best,target_value,target_ratio,best_so_far_target_ratio,best_so_far_target_ratio_iteration,step_cost,generation_cost,retry_cost,guide_cost,iteration_cost,cumulative_cost,cumulative_cost_after_step,remaining_budget_ratio,remaining_budget_ratio_before,remaining_budget_ratio_after,input_tokens,output_tokens,total_tokens,prompt_tokens,completion_tokens,generation_input_tokens,generation_output_tokens,retry_input_tokens,retry_output_tokens,guide_input_tokens,guide_output_tokens,num_calls,num_generation_calls_this_iteration,num_retry_calls_this_iteration,num_guide_calls_this_iteration,lambda_t,ref_cost,normalized_cost,ctilde,cost_phi,cost_denominator,local_gain,global_gain,local_gain_normalized,global_gain_normalized,frontier_improvement,utility,frontier_signal,routing_reward,routing_stat,router_reward,recent_improvement_avg,recent_H_avg,recent_utility_avg,stagnation_steps,intensity,explore,local_search_mode,explore_or_exploit,prompt_budget_mode,tier,base_tier,final_tier,tier_override_reason,meta_triggered,guidance_scheduled,guidance_triggered,whether_guidance_triggered,guide_triggered,guide_skipped_reason,stagnant,low_recent_utility,affordable_guidance,guidance_available,meta_sources,paradigm_triggered,paradigm_count,attempts_used,model_name,validity,eval_time,metrics_raw,prompt_component_cost_composition,calls,action_family,action_tier,budget_bin,call_completion_tokens,call_costs,call_input_tokens,call_model_names,call_output_tokens,call_prompt_tokens,call_roles,call_total_tokens,frontier_gain,generation_completion_tokens,generation_prompt_tokens,guide_completion_tokens,guide_prompt_tokens,retry_completion_tokens,retry_prompt_tokens
1,iteration,costada,circle_packing,evaluator,,0,0,sum_radii,2.4536633766860527,2.4536633766860527,1,0.9311815471294318,0.9311815471294318,1,0.9311815471294318,0.9311815471294318,0.36423689449571406,0.9311815471294318,0.9311815471294318,,0.9311815471294318,0.9311815471294318,1,0.00648416,0.00648416,0.0,0.0,0.00648416,0.00648416,0.00648416,0.99351584,1.0,0.99351584,3013,1876,4889,3013,1876,3013,1876,0,0,0,0,1,1,0,0,0.006484159999999961,0.01,0.6484153515846485,0.6484153515846485,0.4998144334606641,1.0032408767568683,1.556527252459289,1.556527252459289,1.556527252459289,1.556527252459289,0.5669446526337177,1.5514990352974898,0.15514990352974894,1.5514990352974898,0.15514990352974894,1.5514990352974898,0.5669446526337177,0.15514990352974894,1.5514990352974898,0,0.49996500349965,True,exploration,exploration,standard,,,,,False,False,False,False,False,,False,False,True,True,[],False,0,1,z-ai/glm-5,1.0,39.133301973342896,"{""combined_score"": 0.9311815471294318, ""eval_time"": 19.383265733718872, ""sum_radii"": 2.4536633766860527, ""target_ratio"": 0.9311815471294318, ""validity"": 1.0}","{""generation"": 0.00648416, ""guide"": 0.0, ""retry"": 0.0}","[{""input_tokens"": 3013, ""meta"": {}, ""model_name"": ""z-ai/glm-5"", ""output_tokens"": 1876, ""raw_cost"": 0.00648416, ""role"": ""generation"", ""total_tokens"": 4889}]",,,,[1876],[0.00648416],[3013],"[""z-ai/glm-5""]",[1876],[3013],"[""generation""]",[4889],,1876,3013,0,0,0,0
2,iteration,costada,circle_packing,evaluator,,0,0,combined_score,0.0,2.4536633766860527,1,0.0,0.9311815471294318,1,0.0,0.9311815471294318,0.9311815471294318,0.9311815471294318,0.9311815471294318,,,0.9311815471294318,1,0.01164948,0.01164948,0.0,0.0,0.01164948,0.01813364,0.01813364,0.98186636,0.99351584,0.98186636,5504,3342,8846,5504,3342,5504,3342,0,0,0,0,1,1,0,0,0.01813363999999995,0.01,1.1649468350531649,1.1649468350531649,0.7723958045955064,1.0140063474580452,0.0,0.0,0.0,0.0,0.0,0.0,0.13963491317677407,0.0,0.13963491317677407,0.0,0.28347232631685887,0.1473924083532615,0.7757495176487449,1,0.40109572109434555,True,exploration,exploration,standard,,,,,False,False,False,False,False,,False,False,True,True,[],False,0,1,z-ai/glm-5,0.0,0.1328892707824707,"{""combined_score"": 0.0, ""error"": ""Program execution failed: module 'program' has no attribute 'run_packing'"", ""validity"": 0.0}","{""generation"": 0.01164948, ""guide"": 0.0, ""retry"": 0.0}","[{""input_tokens"": 5504, ""meta"": {}, ""model_name"": ""z-ai/glm-5"", ""output_tokens"": 3342, ""raw_cost"": 0.01164948, ""role"": ""generation"", ""total_tokens"": 8846}]",,,,[3342],[0.01164948],[5504],"[""z-ai/glm-5""]",[3342],[5504],"[""generation""]",[8846],,3342,5504,0,0,0,0
3,iteration,costada,circle_packing,evaluator,,1,1,sum_radii,2.437280844387171,2.4536633766860527,1,0.9249642673196097,0.9311815471294318,1,0.9249642673196097,0.9249642673196097,0.9311815471294318,0.9311815471294318,0.9311815471294318,,0.9249642673196097,0.9311815471294318,1,0.007719359999999999,0.007719359999999999,0.0,0.0,0.007719359999999999,0.025852999999999998,0.025852999999999998,0.974147,0.98186636,0.974147,4358,1992,6350,4358,1992,4358,1992,0,0,0,0,1,1,0,0,0.025853000000000015,0.01,0.7719352280647718,0.7719352280647718,0.5720722985039605,1.0147897851332228,1.539457922295935,0.0,1.539457922295935,0.0,0.0,1.477801943418204,0.14778019434182035,0.0,0.0,0.0,0.1889815508779059,0.14752167034944777,1.009766992905231,1,0.49996500349965,False,exploitation,exploitation,standard,,,,,False,False,False,False,False,,False,False,True,True,[],False,0,1,z-ai/glm-5,1.0,0.31108641624450684,"{""combined_score"": 0.9249642673196097, ""eval_time"": 0.13695120811462402, ""sum_radii"": 2.437280844387171, ""target_ratio"": 0.9249642673196097, ""validity"": 1.0}","{""generation"": 0.007719359999999999, ""guide"": 0.0, ""retry"": 0.0}","[{""input_tokens"": 4358, ""meta"": {}, ""model_name"": ""z-ai/glm-5"", ""output_tokens"": 1992, ""raw_cost"": 0.007719359999999999, ""role"": ""generation"", ""total_tokens"": 6350}]",,,,[1992],[0.007719359999999999],[4358],"[""z-ai/glm-5""]",[1992],[4358],"[""generation""]",[6350],,1992,4358,0,0,0,0
4,iteration,costada,circle_packing,evaluator,,0,0,sum_radii,0.9597642169962064,2.4536633766860527,1,0.36423689449571406,0.9311815471294318,1,0.36423689449571406,0.9311815471294318,0.9311815471294318,0.9311815471294318,0.9311815471294318,,0.36423689449571406,0.9311815471294318,1,0.01622144,0.01622144,0.0,0.0,0.01622144,0.04207444,0.04207444,0.95792556,0.974147,0.95792556,6072,5152,11224,6072,5152,6072,5152,0,0,0,0,1,1,0,0,0.042074440000000046,0.01,1.622142377857622,1.622142377857622,0.9639916851096678,1.0405594103156457,0.0,0.0,0.0,0.0,0.0,0.0,0.12567142185909666,0.0,0.12567142185909666,0.0,0.14173616315842943,0.14205910822686002,0.7573252446789234,2,0.404790504493696,True,exploration,exploration,standard,,,,,False,False,False,False,False,,False,False,True,True,[],False,0,1,z-ai/glm-5,1.0,0.28706789016723633,"{""combined_score"": 0.36423689449571406, ""eval_time"": 0.13668608665466309, ""sum_radii"": 0.9597642169962064, ""target_ratio"": 0.36423689449571406, ""validity"": 1.0}","{""generation"": 0.01622144, ""guide"": 0.0, ""retry"": 0.0}","[{""input_tokens"": 6072, ""meta"": {}, ""model_name"": ""z-ai/glm-5"", ""output_tokens"": 5152, ""raw_cost"": 0.01622144, ""role"": ""generation"", ""total_tokens"": 11224}]",,,,[5152],[0.01622144],[6072],"[""z-ai/glm-5""]",[5152],[6072],"[""generation""]",[11224],,5152,6072,0,0,0,0
5,iteration,costada,circle_packing,evaluator,,1,1,sum_radii,2.487645897741384,2.487645897741384,5,0.9440781395602976,0.9440781395602976,5,0.9440781395602976,0.9440781395602976,0.9311815471294318,0.9440781395602976,0.9440781395602976,,0.9440781395602976,0.9440781395602976,5,0.00735508,0.00735508,0.0,0.0,0.00735508,0.04942952,0.04942952,0.95057048,0.95792556,0.95057048,5264,1550,6814,5264,1550,5264,1550,0,0,0,0,1,1,0,0,0.049429520000000005,0.01,0.7355072644927355,0.7355072644927355,0.5512997421321681,1.0272504816297168,0.02066444393152259,0.013849707901345725,0.02066444393152259,0.013849707901345725,0.012896592430865828,0.019788352659981072,0.13498101017363642,0.013482308501207399,0.0013482308501207396,0.013482308501207399,0.11596824901291672,0.14064348861621528,0.609817866275135,0,0.40281310390386116,False,exploitation,exploitation,standard,,,,,False,False,False,False,False,,False,False,True,True,[],False,0,1,z-ai/glm-5,1.0,53.982109785079956,"{""combined_score"": 0.9440781395602976, ""eval_time"": 27.123579263687134, ""sum_radii"": 2.487645897741384, ""target_ratio"": 0.9440781395602976, ""validity"": 1.0}","{""generation"": 0.00735508, ""guide"": 0.0, ""retry"": 0.0}","[{""input_tokens"": 5264, ""meta"": {}, ""model_name"": ""z-ai/glm-5"", ""output_tokens"": 1550, ""raw_cost"": 0.00735508, ""role"": ""generation"", ""total_tokens"": 6814}]",,,,[1550],[0.00735508],[5264],"[""z-ai/glm-5""]",[1550],[5264],"[""generation""]",[6814],,1550,5264,0,0,0,0
6,iteration,costada,circle_packing,evaluator,,0,0,sum_radii,0.9597642169962064,2.487645897741384,5,0.36423689449571406,0.9440781395602976,5,0.36423689449571406,0.9311815471294318,0.9440781395602976,0.9440781395602976,0.9440781395602976,,0.36423689449571406,0.9440781395602976,5,0.009458719999999999,0.009458719999999999,0.0,0.0,0.009458719999999999,0.058888239999999994,0.058888239999999994,0.94111176,0.95057048,0.94111176,6416,2104,8520,6416,2104,6416,2104,0,0,0,0,1,1,0,0,0.058888240000000036,0.01,0.9458710541289457,0.9458710541289457,0.6657097195585978,1.0392024737356995,0.0,0.0,0.0,0.0,0.0,0.0,0.113104279673187,0.0,0.113104279673187,0.0,0.09664020751076392,0.1360536204590439,0.5081815552292791,3,0.40839761481593906,True,exploration,exploration,standard,,,,,False,False,False,False,False,,False,False,True,True,[],False,0,1,z-ai/glm-5,1.0,0.3160130977630615,"{""combined_score"": 0.36423689449571406, ""eval_time"": 0.16493892669677734, ""sum_radii"": 0.9597642169962064, ""target_ratio"": 0.36423689449571406, ""validity"": 1.0}","{""generation"": 0.009458719999999999, ""guide"": 0.0, ""retry"": 0.0}","[{""input_tokens"": 6416, ""meta"": {}, ""model_name"": ""z-ai/glm-5"", ""output_tokens"": 2104, ""raw_cost"": 0.009458719999999999, ""role"": ""generation"", ""total_tokens"": 8520}]",,,,[2104],[0.009458719999999999],[6416],"[""z-ai/glm-5""]",[2104],[6416],"[""generation""]",[8520],,2104,6416,0,0,0,0
7,iteration,costada,circle_packing,evaluator,,0,0,sum_radii,2.485208383894244,2.487645897741384,5,0.9431530868668858,0.9440781395602976,5,0.9431530868668858,0.9431530868668858,0.9440781395602976,0.9440781395602976,0.9440781395602976,,0.9431530868668858,0.9440781395602976,5,0.018105559999999996,0.018105559999999996,0.0,0.0,0.018105559999999996,0.07699379999999999,0.07699379999999999,0.9230062,0.94111176,0.9230062,6638,5794,12432,6638,5794,6638,5794,0,0,0,0,1,1,0,0,0.0769938,0.01,1.8105541894458101,1.8105541894458101,1.0333816843436083,1.079563982728015,0.012856289704578956,0.0,0.012856289704578956,0.0,0.0,0.010991877550727969,0.1028930394609411,0.0,0.1017938517058683,0.0,0.0021494320718109714,0.1273441431142426,0.25143036227148546,4,0.41191531099076295,False,exploitation,exploitation,standard,,,,,False,False,False,False,False,,False,False,True,True,[],False,0,1,z-ai/glm-5,1.0,44.79584336280823,"{""combined_score"": 0.9431530868668858, ""eval_time"": 22.60295271873474, ""sum_radii"": 2.485208383894244, ""target_ratio"": 0.9431530868668858, ""validity"": 1.0}","{""generation"": 0.018105559999999996, ""guide"": 0.0, ""retry"": 0.0}","[{""input_tokens"": 6638, ""meta"": {}, ""model_name"": ""z-ai/glm-5"", ""output_tokens"": 5794, ""raw_cost"": 0.018105559999999996, ""role"": ""generation"", ""total_tokens"": 12432}]",,,,[5794],[0.018105559999999996],[6638],"[""z-ai/glm-5""]",[5794],[6638],"[""generation""]",[12432],,5794,6638,0,0,0,0
8,iteration,costada,circle_packing,evaluator,,1,1,combined_score,0.0,2.487645897741384,5,0.0,0.9440781395602976,5,0.0,0.9440781395602976,0.9440781395602976,0.9440781395602976,0.9440781395602976,,,0.9440781395602976,5,0.01463634,0.01463634,0.0,0.0,0.01463634,0.09163013999999998,0.09163013999999998,0.90836986,0.9230062,0.90836986,6672,4275,10947,6672,4275,6672,4275,0,0,0,0,1,1,0,0,0.09163014000000003,0.01,1.4636325363674636,1.4636325363674636,0.9016369015820964,1.0826171155211337,0.0,0.0,0.0,0.0,0.0,0.0,0.12148290915627279,0.0,0.0012134077651086658,0.0,0.0021494320718109714,0.12431880911082571,0.25143036227148546,1,0.4059606596855938,True,exploration,exploration,standard,,,,,False,False,False,False,False,,False,False,True,True,[],False,0,1,z-ai/glm-5,0.0,0.17912817001342773,"{""combined_score"": 0.0, ""error"": ""Program execution failed: did you forget parentheses around the comprehension target? (tmpucf08ii0.py, line 44)"", ""validity"": 0.0}","{""generation"": 0.01463634, ""guide"": 0.0, ""retry"": 0.0}","[{""input_tokens"": 6672, ""meta"": {}, ""model_name"": ""z-ai/glm-5"", ""output_tokens"": 4275, ""raw_cost"": 0.01463634, ""role"": ""generation"", ""total_tokens"": 10947}]",,,,[4275],[0.01463634],[6672],"[""z-ai/glm-5""]",[4275],[6672],"[""generation""]",[10947],,4275,6672,0,0,0,0
9,iteration,costada,circle_packing,evaluator,,0,0,sum_radii,2.485088917285216,2.487645897741384,5,0.9431077484953382,0.9440781395602976,5,0.9431077484953382,0.9431530868668858,0.9440781395602976,0.9440781395602976,0.9440781395602976,,0.9431077484953382,0.9440781395602976,5,0.00950348,0.00950348,0.0,0.0,0.00950348,0.10113361999999998,0.10113361999999998,0.8988663800000001,0.90836986,0.8988663800000001,6114,2218,8332,6114,2218,6114,2218,0,0,0,0,1,1,0,0,0.10113361999999992,0.01,0.9503470496529504,0.9503470496529504,0.66800733092113,1.0675579995625917,0.0,0.0,0.0,0.0,0.0,0.0,0.09260373551484699,0.0,0.09161446653528148,0.0,0.0021494320718109714,0.1151227326396635,0.005130038368451506,5,0.4149970410157784,True,exploration,exploration,standard,,,,,False,False,False,False,False,,False,True,True,True,[],False,0,1,z-ai/glm-5,1.0,44.46737313270569,"{""combined_score"": 0.9431077484953382, ""eval_time"": 21.49153709411621, ""sum_radii"": 2.485088917285216, ""target_ratio"": 0.9431077484953382, ""validity"": 1.0}","{""generation"": 0.00950348, ""guide"": 0.0, ""retry"": 0.0}","[{""input_tokens"": 6114, ""meta"": {}, ""model_name"": ""z-ai/glm-5"", ""output_tokens"": 2218, ""raw_cost"": 0.00950348, ""role"": ""generation"", ""total_tokens"": 8332}]",,,,[2218],[0.00950348],[6114],"[""z-ai/glm-5""]",[2218],[6114],"[""generation""]",[8332],,2218,6114,0,0,0,0
10,iteration,costada,circle_packing,evaluator,,1,1,sum_radii,2.4839558392362786,2.487645897741384,5,0.9426777378505802,0.9440781395602976,5,0.9426777378505802,0.9440781395602976,0.9440781395602976,0.9440781395602976,0.9440781395602976,,0.9426777378505802,0.9440781395602976,5,0.01067228,0.01067228,0.0,0.0,0.01067228,0.11180589999999999,0.11180589999999999,0.8881941,0.8988663800000001,0.8881941,6894,2482,9376,6894,2482,6894,2482,0,0,0,0,1,1,0,0,0.11180590000000001,0.01,1.0672269327730672,1.0672269327730672,0.7262080631460162,1.0811943460872973,0.0,0.0,0.0,0.0,0.0,0.0,0.10933461824064551,0.0,0.0010920669885977992,0.0,0.0021494320718109714,0.11239993203658831,0.005130038368451506,2,0.4095391772832828,True,exploration,exploration,standard,,,,,False,False,False,False,False,,False,True,True,True,[],False,0,1,z-ai/glm-5,1.0,366.8795876502991,"{""combined_score"": 0.9426777378505802, ""eval_time"": 182.3391146659851, ""sum_radii"": 2.4839558392362786, ""target_ratio"": 0.9426777378505802, ""validity"": 1.0}","{""generation"": 0.01067228, ""guide"": 0.0, ""retry"": 0.0}","[{""input_tokens"": 6894, ""meta"": {}, ""model_name"": ""z-ai/glm-5"", ""output_tokens"": 2482, ""raw_cost"": 0.01067228, ""role"": ""generation"", ""total_tokens"": 9376}]",,,,[2482],[0.01067228],[6894],"[""z-ai/glm-5""]",[2482],[6894],"[""generation""]",[9376],,2482,6894,0,0,0,0
11,iteration,costada,circle_packing,evaluator,,0,0,sum_radii,2.5092782873521986,2.5092782873521986,11,0.9522877750862234,0.9522877750862234,11,0.9522877750862234,0.9522877750862234,0.9440781395602976,0.9522877750862234,0.9522877750862234,,0.9522877750862234,0.9522877750862234,11,0.008281939999999998,0.008281939999999998,0.0,0.0,0.008281939999999998,0.12008783999999999,0.12008783999999999,0.87991216,0.8881941,0.87991216,6957,1423,8380,6957,1423,6957,1423,0,0,0,0,1,1,0,0,0.12008783999999995,0.01,0.8281931718068279,0.8281931718068279,0.6033281413038085,1.072452373300389,0.00968526567588582,0.008695927997813206,0.00968526567588582,0.008695927997813206,0.008209635525925796,0.008920170712714663,0.08423537903463377,0.008108451446708223,0.08326386502642415,0.008108451446708223,0.0013682725876542994,0.10394232684675453,0.003318674710573772,0,0.41834139599248543,False,exploitation,exploitation,standard,,,,,False,False,False,False,False,,False,True,True,True,[],False,0,1,z-ai/glm-5,1.0,104.42359113693237,"{""combined_score"": 0.9522877750862234, ""eval_time"": 51.92317318916321, ""sum_radii"": 2.5092782873521986, ""target_ratio"": 0.9522877750862234, ""validity"": 1.0}","{""generation"": 0.008281939999999998, ""guide"": 0.0, ""retry"": 0.0}","[{""input_tokens"": 6957, ""meta"": {}, ""model_name"": ""z-ai/glm-5"", ""output_tokens"": 1423, ""raw_cost"": 0.008281939999999998, ""role"": ""generation"", ""total_tokens"": 8380}]",,,,[1423],[0.008281939999999998],[6957],"[""z-ai/glm-5""]",[1423],[6957],"[""generation""]",[8380],,1423,6957,0,0,0,0
12,iteration,costada,circle_packing,evaluator,,0,0,sum_radii,2.257074413816141,2.5092782873521986,11,0.8565747301010024,0.9522877750862234,11,0.8565747301010024,0.9522877750862234,0.9522877750862234,0.9522877750862234,0.9522877750862234,,0.8565747301010024,0.9522877750862234,11,0.01177396,0.01177396,0.0,0.0,0.01177396,0.13186179999999997,0.13186179999999997,0.8681382,0.87991216,0.8681382,7108,2894,10002,7108,2894,7108,2894,0,0,0,0,1,1,0,0,0.13186180000000003,0.01,1.1773948226051774,1.1773948226051774,0.7781291266744687,1.1026055072757235,0.0,0.0,0.0,0.0,0.0,0.0,0.0758118411311704,0.0,0.07493747852378173,0.0,0.0013682725876542994,0.0977269204230851,0.003318674710573772,1,0.4212687623008513,False,balanced,balanced,standard,,,,,False,False,False,False,False,,False,True,True,True,[],False,0,1,z-ai/glm-5,1.0,10.273223161697388,"{""combined_score"": 0.8565747301010024, ""eval_time"": 4.940853595733643, ""sum_radii"": 2.257074413816141, ""target_ratio"": 0.8565747301010024, ""validity"": 1.0}","{""generation"": 0.01177396, ""guide"": 0.0, ""retry"": 0.0}","[{""input_tokens"": 7108, ""meta"": {}, ""model_name"": ""z-ai/glm-5"", ""output_tokens"": 2894, ""raw_cost"": 0.01177396, ""role"": ""generation"", ""total_tokens"": 10002}]",,,,[2894],[0.01177396],[7108],"[""z-ai/glm-5""]",[2894],[7108],"[""generation""]",[10002],,2894,7108,0,0,0,0
13,iteration,costada,circle_packing,evaluator,,1,1,sum_radii,2.5023765799139523,2.5092782873521986,11,0.9496685312766423,0.9522877750862234,11,0.9496685312766423,0.9496685312766423,0.9522877750862234,0.9522877750862234,0.9522877750862234,,0.9496685312766423,0.9522877750862234,11,0.01861748,0.01861748,0.0,0.0,0.01861748,0.15047927999999997,0.15047927999999997,0.84952072,0.8681382,0.84952072,7119,5866,12985,7119,5866,7119,5866,0,0,0,0,1,1,0,0,0.15047928,0.01,1.8617461382538616,1.8617461382538616,1.051431976380354,1.1582187267746926,0.005921534968438514,0.0,0.005921534968438514,0.0,0.0,0.004343278634340054,0.09883548428001497,0.0,0.0009828602897380193,0.0,0.0013682725876542994,0.09705066122626406,0.0022105748911757863,3,0.4130277905347254,False,exploitation,exploitation,standard,,,,,False,False,False,False,False,,False,True,True,True,[],False,0,1,z-ai/glm-5,1.0,120.45225286483765,"{""combined_score"": 0.9496685312766423, ""eval_time"": 60.1338267326355, ""sum_radii"": 2.5023765799139523, ""target_ratio"": 0.9496685312766423, ""validity"": 1.0}","{""generation"": 0.01861748, ""guide"": 0.0, ""retry"": 0.0}","[{""input_tokens"": 7119, ""meta"": {}, ""model_name"": ""z-ai/glm-5"", ""output_tokens"": 5866, ""raw_cost"": 0.01861748, ""role"": ""generation"", ""total_tokens"": 12985}]",,,,[5866],[0.01861748],[7119],"[""z-ai/glm-5""]",[5866],[7119],"[""generation""]",[12985],,5866,7119,0,0,0,0
14,iteration,costada,circle_packing,evaluator,,0,0,combined_score,0.0,2.5092782873521986,11,0.0,0.9522877750862234,11,0.0,0.9522877750862234,0.9522877750862234,0.9522877750862234,0.9522877750862234,,,0.9522877750862234,11,0.01107986,0.01107986,0.0,0.0,0.01107986,0.16155913999999996,0.16155913999999996,0.8384408600000001,0.84952072,0.8384408600000001,7278,2539,9817,7278,2539,7278,2539,0,0,0,0,1,1,0,0,0.16155913999999993,0.01,1.107984892015108,1.107984892015108,0.7457324636776779,1.120479895501847,0.0,0.0,0.0,0.0,0.0,0.0,0.06823065701805336,0.0,0.06744373067140355,0.0,0.0013682725876542994,0.08817528586989416,0.0022105748911757863,2,0.4244367241682404,False,balanced,balanced,standard,,,,,False,False,False,False,False,,False,True,True,True,[],False,0,1,z-ai/glm-5,0.0,0.16689276695251465,"{""combined_score"": 0.0, ""error"": ""Program execution failed: module 'program' has no attribute 'run_packing'"", ""validity"": 0.0}","{""generation"": 0.01107986, ""guide"": 0.0, ""retry"": 0.0}","[{""input_tokens"": 7278, ""meta"": {}, ""model_name"": ""z-ai/glm-5"", ""output_tokens"": 2539, ""raw_cost"": 0.01107986, ""role"": ""generation"", ""total_tokens"": 9817}]",,,,[2539],[0.01107986],[7278],"[""z-ai/glm-5""]",[2539],[7278],"[""generation""]",[9817],,2539,7278,0,0,0,0
15,iteration,costada,circle_packing,evaluator,,1,1,combined_score,0.0,2.5092782873521986,11,0.0,0.9522877750862234,11,0.0,0.9496685312766423,0.9522877750862234,0.9522877750862234,0.9522877750862234,,,0.9522877750862234,11,0.03380734,0.03380734,0.0,0.0,0.03380734,0.19536647999999995,0.19536647999999995,0.8046335200000001,0.8384408600000001,0.8046335200000001,6842,12557,19399,6842,12557,6842,12557,0,0,0,0,1,1,0,0,0.1953664799999999,0.01,3.3807306192693805,3.3807306192693805,1.4772155185298086,1.2885983960565432,0.0,0.0,0.0,0.0,0.0,0.0,0.08895193585201347,0.0,0.0008845742607642174,0.0,0.0013682725876542994,0.08756665259275524,0.0022105748911757863,4,0.4162850160231685,False,balanced,balanced,standard,,,,,False,False,False,False,False,,False,True,True,True,[],False,0,1,z-ai/glm-5,0.0,0.16024184226989746,"{""combined_score"": 0.0, ""error"": ""Program execution failed: module 'program' has no attribute 'run_packing'"", ""validity"": 0.0}","{""generation"": 0.03380734, ""guide"": 0.0, ""retry"": 0.0}","[{""input_tokens"": 6842, ""meta"": {}, ""model_name"": ""z-ai/glm-5"", ""output_tokens"": 12557, ""raw_cost"": 0.03380734, ""role"": ""generation"", ""total_tokens"": 19399}]",,,,[12557],[0.03380734],[6842],"[""z-ai/glm-5""]",[12557],[6842],"[""generation""]",[19399],,12557,6842,0,0,0,0
16,iteration,costada,circle_packing,evaluator,,0,0,combined_score,0.0,2.5092782873521986,11,0.0,0.9522877750862234,11,0.0,0.9522877750862234,0.9522877750862234,0.9522877750862234,0.9522877750862234,,,0.9522877750862234,11,0.0079041,0.0079041,0.0,0.0,0.0079041,0.20327057999999995,0.20327057999999995,0.79672942,0.8046335200000001,0.79672942,7365,1131,8496,7365,1131,7365,1131,0,0,0,0,1,1,0,0,0.20327057999999998,0.01,0.7904092095907904,0.7904092095907904,0.5824442024356131,1.1183937708467244,0.0,0.0,0.0,0.0,0.0,0.0,0.06140759131624803,0.0,0.0606993576042632,0.0,0.0013682725876542994,0.07957881477202233,0.0022105748911757863,3,0.4275112776222201,True,exploration,exploration,standard,,,,,False,False,False,False,False,,False,True,True,True,[],False,0,1,z-ai/glm-5,0.0,0.16725540161132812,"{""combined_score"": 0.0, ""error"": ""Program execution failed: module 'program' has no attribute 'run_packing'"", ""validity"": 0.0}","{""generation"": 0.0079041, ""guide"": 0.0, ""retry"": 0.0}","[{""input_tokens"": 7365, ""meta"": {}, ""model_name"": ""z-ai/glm-5"", ""output_tokens"": 1131, ""raw_cost"": 0.0079041, ""role"": ""generation"", ""total_tokens"": 8496}]",,,,[1131],[0.0079041],[7365],"[""z-ai/glm-5""]",[1131],[7365],"[""generation""]",[8496],,1131,7365,0,0,0,0
17,iteration,costada,circle_packing,evaluator,,1,1,,,2.5092782873521986,11,,0.9522877750862234,11,0.0,0.9522877750862234,0.9522877750862234,0.9522877750862234,0.9522877750862234,,,0.9522877750862234,11,0.01712842,0.01712842,0.0,0.0,0.01712842,0.22039899999999996,0.22039899999999996,0.779601,0.79672942,0.779601,7271,5171,12442,7271,5171,7271,5171,0,0,0,0,1,1,0,0,0.220399,0.01,1.7128402871597126,1.7128402871597126,0.9979961624856498,1.2199573562156747,0.0,0.0,0.0,0.0,0.0,0.0,0.08005674226681213,0.0,0.0007961168346877956,0.0,0.0,0.07888237531071872,0.000723879772390009,5,0.41959407254510417,False,exploitation,exploitation,standard,,,,,False,False,False,False,False,,False,True,True,True,[],False,0,1,z-ai/glm-5,,360.0047752857208,"{""error"": 0.0, ""timeout"": true}","{""generation"": 0.01712842, ""guide"": 0.0, ""retry"": 0.0}","[{""input_tokens"": 7271, ""meta"": {}, ""model_name"": ""z-ai/glm-5"", ""output_tokens"": 5171, ""raw_cost"": 0.01712842, ""role"": ""generation"", ""total_tokens"": 12442}]",,,,[5171],[0.01712842],[7271],"[""z-ai/glm-5""]",[5171],[7271],"[""generation""]",[12442],,5171,7271,0,0,0,0
18,iteration,costada,circle_packing,evaluator,,0,0,combined_score,0.0,2.5092782873521986,11,0.0,0.9522877750862234,11,0.0,0.9522877750862234,0.9522877750862234,0.9522877750862234,0.9522877750862234,,,0.9522877750862234,11,0.00708086,0.00708086,0.0,0.0,0.00708086,0.22747985999999995,0.22747985999999995,0.77252014,0.779601,0.77252014,7148,841,7989,7148,841,7148,841,0,0,0,0,1,1,0,0,0.22747985999999998,0.01,0.708085291914708,0.708085291914708,0.5353730308377949,1.1217865821027573,0.0,0.0,0.0,0.0,0.0,0.0,0.05526683218462323,0.0,0.05462942184383688,0.0,0.0,0.07545820715296087,0.000723879772390009,4,0.4304924164195495,False,exploitation,exploitation,standard,,,,,False,False,False,False,False,,False,True,True,True,[],False,0,1,z-ai/glm-5,0.0,0.1919841766357422,"{""combined_score"": 0.0, ""error"": ""Program execution failed: invalid syntax (tmpzve804mg.py, line 1)"", ""validity"": 0.0}","{""generation"": 0.00708086, ""guide"": 0.0, ""retry"": 0.0}","[{""input_tokens"": 7148, ""meta"": {}, ""model_name"": ""z-ai/glm-5"", ""output_tokens"": 841, ""raw_cost"": 0.00708086, ""role"": ""generation"", ""total_tokens"": 7989}]",,,,[841],[0.00708086],[7148],"[""z-ai/glm-5""]",[841],[7148],"[""generation""]",[7989],,841,7148,0,0,0,0
19,iteration,costada,circle_packing,evaluator,,1,1,sum_radii,2.480014451935782,2.5092782873521986,11,0.9411819551938452,0.9522877750862234,11,0.9411819551938452,0.9522877750862234,0.9522877750862234,0.9522877750862234,0.9522877750862234,,0.9411819551938452,0.9522877750862234,11,0.011118199999999998,0.011118199999999998,0.0,0.0,0.011118199999999998,0.23859805999999995,0.23859805999999995,0.76140194,0.77252014,0.76140194,7245,2566,9811,7245,2566,7245,2566,0,0,0,0,1,1,0,0,0.23859805999999995,0.01,1.1118188881811115,1.1118188881811115,0.7475496084648309,1.1783638863334682,0.0,0.0,0.0,0.0,0.0,0.0,0.07205106804013092,0.0,0.000716505151219016,0.0,0.0,0.07099413777964686,0.0,6,0.42281024541883705,True,exploration,exploration,standard,,,,,True,True,False,False,False,,True,True,True,True,[],False,0,1,z-ai/glm-5,1.0,71.82658529281616,"{""combined_score"": 0.9411819551938452, ""eval_time"": 35.89866757392883, ""sum_radii"": 2.480014451935782, ""target_ratio"": 0.9411819551938452, ""validity"": 1.0}","{""generation"": 0.011118199999999998, ""guide"": 0.0, ""retry"": 0.0}","[{""input_tokens"": 7245, ""meta"": {}, ""model_name"": ""z-ai/glm-5"", ""output_tokens"": 2566, ""raw_cost"": 0.011118199999999998, ""role"": ""generation"", ""total_tokens"": 9811}]",,,,[2566],[0.011118199999999998],[7245],"[""z-ai/glm-5""]",[2566],[7245],"[""generation""]",[9811],,2566,7245,0,0,0,0
20,iteration,costada,circle_packing,evaluator,,0,0,combined_score,0.0,2.5092782873521986,11,0.0,0.9522877750862234,11,0.0,0.9522877750862234,0.9522877750862234,0.9522877750862234,0.9522877750862234,,,0.9522877750862234,11,0.02641178,0.01200468,0.0,0.014407099999999999,0.02641178,0.26500983999999994,0.26500983999999994,0.7349901600000001,0.76140194,0.7349901600000001,13584,7231,20815,13584,7231,7914,2742,0,0,5670,4489,2,1,0,1,0.26500983999999994,0.01,2.641175358824641,2.641175358824641,1.2923065303034138,1.3424739468266629,0.0,0.0,0.0,0.0,0.0,0.0,0.049740148966160906,0.0,0.04916647965945319,0.0,0.0,0.06791238643766478,0.0,5,0.43338038589144345,False,balanced,balanced,standard,,,,,False,False,True,True,True,,False,True,True,True,[],True,3,1,z-ai/glm-5,0.0,0.523967981338501,"{""combined_score"": 0.0, ""error"": ""Program execution failed: module 'program' has no attribute 'run_packing'"", ""validity"": 0.0}","{""generation"": 0.01200468, ""guide"": 0.014407099999999999, ""retry"": 0.0}","[{""input_tokens"": 5670, ""meta"": {""attempt"": 1, ""source"": ""paradigm_generation""}, ""model_name"": ""z-ai/glm-5"", ""output_tokens"": 4489, ""raw_cost"": 0.014407099999999999, ""role"": ""guide"", ""total_tokens"": 10159}, {""input_tokens"": 7914, ""meta"": {}, ""model_name"": ""z-ai/glm-5"", ""output_tokens"": 2742, ""raw_cost"": 0.01200468, ""role"": ""generation"", ""total_tokens"": 10656}]",,,,"[4489, 2742]","[0.014407099999999999, 0.01200468]","[5670, 7914]","[""z-ai/glm-5"", ""z-ai/glm-5""]","[4489, 2742]","[5670, 7914]","[""guide"", ""generation""]","[10159, 10656]",,2742,7914,4489,5670,0,0
21,iteration,costada,circle_packing,evaluator,,1,1,combined_score,0.0,2.5092782873521986,11,0.0,0.9522877750862234,11,0.0,0.9522877750862234,0.9522877750862234,0.9522877750862234,0.9522877750862234,,,0.9522877750862234,11,0.01260616,0.01260616,0.0,0.0,0.01260616,0.2776159999999999,0.2776159999999999,0.7223840000000001,0.7349901600000001,0.7223840000000001,7708,3068,10776,7708,3068,7708,3068,0,0,0,0,1,1,0,0,0.27761599999999986,0.01,1.2606147393852607,1.2606147393852607,0.8156367848741175,1.226433821669613,0.0,0.0,0.0,0.0,0.0,0.0,0.06484596123611783,0.0,0.0006448546360971145,0.0,0.0,0.06389472400168218,0.0,7,0.4259331169891718,True,exploration,exploration,standard,,,,,True,True,False,False,False,,True,True,True,True,[],False,0,1,z-ai/glm-5,0.0,0.4047818183898926,"{""combined_score"": 0.0, ""error"": ""Program execution failed: module 'program' has no attribute 'run_packing'"", ""validity"": 0.0}","{""generation"": 0.01260616, ""guide"": 0.0, ""retry"": 0.0}","[{""input_tokens"": 7708, ""meta"": {}, ""model_name"": ""z-ai/glm-5"", ""output_tokens"": 3068, ""raw_cost"": 0.01260616, ""role"": ""generation"", ""total_tokens"": 10776}]",,,,[3068],[0.01260616],[7708],"[""z-ai/glm-5""]",[3068],[7708],"[""generation""]",[10776],,3068,7708,0,0,0,0
22,iteration,costada,circle_packing,evaluator,,0,0,sum_radii,0.0,2.5092782873521986,11,0.0,0.9522877750862234,11,0.0,0.9522877750862234,0.9522877750862234,0.9522877750862234,0.9522877750862234,,0.0,0.9522877750862234,11,0.01603632,0.01603632,0.0,0.0,0.01603632,0.2936523199999999,0.2936523199999999,0.7063476800000001,0.7223840000000001,0.7063476800000001,7936,4488,12424,7936,4488,7936,4488,0,0,0,0,1,1,0,0,0.29365231999999986,0.01,1.6036303963696035,1.6036303963696035,0.9569067773942984,1.2809978952055592,0.0,0.0,0.0,0.0,0.0,0.0,0.04476613406954481,0.0,0.04424983169350787,0.0,0.0,0.0611211477938983,0.0,6,0.43617566660411566,False,balanced,balanced,standard,,,,,True,True,False,False,False,,True,True,True,True,[],False,0,1,z-ai/glm-5,0.0,299.72145533561707,"{""combined_score"": 0.0, ""sum_radii"": 0.0, ""target_ratio"": 0.0, ""validity"": 0.0}","{""generation"": 0.01603632, ""guide"": 0.0, ""retry"": 0.0}","[{""input_tokens"": 7936, ""meta"": {}, ""model_name"": ""z-ai/glm-5"", ""output_tokens"": 4488, ""raw_cost"": 0.01603632, ""role"": ""generation"", ""total_tokens"": 12424}]",,,,[4488],[0.01603632],[7936],"[""z-ai/glm-5""]",[4488],[7936],"[""generation""]",[12424],,4488,7936,0,0,0,0
23,iteration,costada,circle_packing,evaluator,,1,1,sum_radii,2.3979062606906076,2.5092782873521986,11,0.9100213513057335,0.9522877750862234,11,0.9100213513057335,0.9522877750862234,0.9522877750862234,0.9522877750862234,0.9522877750862234,,0.9100213513057335,0.9522877750862234,11,0.020823559999999998,0.0,0.020823559999999998,0.0,0.020823559999999998,0.31447587999999993,0.31447587999999993,0.6855241200000001,0.7063476800000001,0.6855241200000001,7768,6622,14390,7768,6622,0,0,7768,6622,0,0,1,0,1,0,0.31447587999999993,0.01,2.082353917646082,2.082353917646082,1.1256935640643064,1.354003474169459,0.0,0.0,0.0,0.0,0.0,0.0,0.058361365112506045,0.0,0.000580369172487403,0.0,0.0,0.05750525160151396,0.0,8,0.42896254471154227,False,exploitation,exploitation,standard,,,,,True,True,False,False,False,,True,True,True,True,[],False,0,2,z-ai/glm-5,1.0,49.08292889595032,"{""combined_score"": 0.9100213513057335, ""eval_time"": 24.815091609954834, ""sum_radii"": 2.3979062606906076, ""target_ratio"": 0.9100213513057335, ""validity"": 1.0}","{""generation"": 0.0, ""guide"": 0.0, ""retry"": 0.020823559999999998}","[{""input_tokens"": 7768, ""meta"": {}, ""model_name"": ""z-ai/glm-5"", ""output_tokens"": 6622, ""raw_cost"": 0.020823559999999998, ""role"": ""retry"", ""total_tokens"": 14390}]",,,,[6622],[0.020823559999999998],[7768],"[""z-ai/glm-5""]",[6622],[7768],"[""retry""]",[14390],,0,0,0,0,6622,7768
24,iteration,costada,circle_packing,evaluator,,0,0,sum_radii,1.3840449529280032,2.5092782873521986,11,0.52525425158558,0.9522877750862234,11,0.52525425158558,0.9522877750862234,0.9522877750862234,0.9522877750862234,0.9522877750862234,,0.52525425158558,0.9522877750862234,11,0.013129159999999999,0.013129159999999999,0.0,0.0,0.013129159999999999,0.3276050399999999,0.3276050399999999,0.6723949600000001,0.6855241200000001,0.6723949600000001,7853,3250,11103,7853,3250,7853,3250,0,0,0,0,1,1,0,0,0.3276050399999999,0.01,1.3129146870853128,1.3129146870853128,0.8385084984727907,1.2746996101825185,0.0,0.0,0.0,0.0,0.0,0.0,0.04028952066259033,0.0,0.03982484852415709,0.0,0.0,0.05500903301450847,0.0,7,0.4388789576069301,False,exploitation,exploitation,standard,,,,,True,True,False,False,False,,True,True,True,True,[],False,0,1,z-ai/glm-5,1.0,630.7672970294952,"{""combined_score"": 0.52525425158558, ""eval_time"": 316.5548324584961, ""sum_radii"": 1.3840449529280032, ""target_ratio"": 0.52525425158558, ""validity"": 1.0}","{""generation"": 0.013129159999999999, ""guide"": 0.0, ""retry"": 0.0}","[{""input_tokens"": 7853, ""meta"": {}, ""model_name"": ""z-ai/glm-5"", ""output_tokens"": 3250, ""raw_cost"": 0.013129159999999999, ""role"": ""generation"", ""total_tokens"": 11103}]",,,,[3250],[0.013129159999999999],[7853],"[""z-ai/glm-5""]",[3250],[7853],"[""generation""]",[11103],,3250,7853,0,0,0,0
25,iteration,costada,circle_packing,evaluator,,0,0,sum_radii,2.6203500394425805,2.6203500394425805,25,0.9944402426727061,0.9944402426727061,25,0.9944402426727061,0.9944402426727061,0.9522877750862234,0.9944402426727061,0.9944402426727061,,0.9944402426727061,0.9944402426727061,25,0.035160979999999994,0.015762879999999996,0.0,0.019398099999999998,0.035160979999999994,0.3627660199999999,0.3627660199999999,0.6372339800000001,0.6723949600000001,0.6372339800000001,13469,11071,24540,13469,11071,7799,4412,0,0,5670,6659,2,1,0,1,0.3627660199999999,0.01,3.5160944839055155,3.5160944839055155,1.5076475681025465,1.5469233078432396,0.04426442162681978,0.04426442162681978,0.04426442162681978,0.04426442162681978,0.04215246758648272,0.028614490067083144,0.03912201760303961,0.028614490067083144,0.038703812678449696,0.028614490067083144,0.007025411264413787,0.049520857941659925,0.00476908167784719,0,0.4414911594598999,False,balanced,balanced,standard,,,,,False,False,True,True,True,,False,True,True,True,[],True,3,1,z-ai/glm-5,1.0,66.77530598640442,"{""combined_score"": 0.9944402426727061, ""eval_time"": 33.152464151382446, ""sum_radii"": 2.6203500394425805, ""target_ratio"": 0.9944402426727061, ""validity"": 1.0}","{""generation"": 0.015762879999999996, ""guide"": 0.019398099999999998, ""retry"": 0.0}","[{""input_tokens"": 5670, ""meta"": {""attempt"": 1, ""source"": ""paradigm_generation""}, ""model_name"": ""z-ai/glm-5"", ""output_tokens"": 6659, ""raw_cost"": 0.019398099999999998, ""role"": ""guide"", ""total_tokens"": 12329}, {""input_tokens"": 7799, ""meta"": {}, ""model_name"": ""z-ai/glm-5"", ""output_tokens"": 4412, ""raw_cost"": 0.015762879999999996, ""role"": ""generation"", ""total_tokens"": 12211}]",,,,"[6659, 4412]","[0.019398099999999998, 0.015762879999999996]","[5670, 7799]","[""z-ai/glm-5"", ""z-ai/glm-5""]","[6659, 4412]","[5670, 7799]","[""guide"", ""generation""]","[12329, 12211]",,4412,7799,6659,5670,0,0
26,iteration,costada,circle_packing,evaluator,,1,1,combined_score,0.0,2.6203500394425805,25,0.0,0.9944402426727061,25,0.0,0.9522877750862234,0.9944402426727061,0.9944402426727061,0.9944402426727061,,,0.9944402426727061,25,0.01215646,0.01215646,0.0,0.0,0.01215646,0.3749224799999999,0.3749224799999999,0.62507752,0.6372339800000001,0.62507752,7898,2813,10711,7898,2813,7898,2813,0,0,0,0,1,1,0,0,0.37492247999999995,0.01,1.2156447843552156,1.2156447843552156,0.7955434601676965,1.298267127033854,0.0,0.0,0.0,0.0,0.0,0.0,0.05252522860125544,0.0,0.0005223322552386627,0.0,0.007025411264413787,0.049985037880842347,0.00476908167784719,9,0.43189864583579596,False,exploitation,exploitation,standard,,,,,False,False,False,False,False,,False,True,True,True,[],False,0,1,z-ai/glm-5,0.0,1.2388684749603271,"{""combined_score"": 0.0, ""error"": ""Program execution failed: Can't get local object 'construct_packing.<locals>.objective'"", ""validity"": 0.0}","{""generation"": 0.01215646, ""guide"": 0.0, ""retry"": 0.0}","[{""input_tokens"": 7898, ""meta"": {}, ""model_name"": ""z-ai/glm-5"", ""output_tokens"": 2813, ""raw_cost"": 0.01215646, ""role"": ""generation"", ""total_tokens"": 10711}]",,,,[2813],[0.01215646],[7898],"[""z-ai/glm-5""]",[2813],[7898],"[""generation""]",[10711],,2813,7898,0,0,0,0
27,iteration,costada,circle_packing,evaluator,,0,0,combined_score,0.0,2.6203500394425805,25,0.0,0.9944402426727061,25,0.0,0.9944402426727061,0.9944402426727061,0.9944402426727061,0.9944402426727061,,,0.9944402426727061,25,0.013218919999999999,0.013218919999999999,0.0,0.0,0.013218919999999999,0.3881413999999999,0.3881413999999999,0.6118586000000001,0.62507752,0.6118586000000001,7786,3310,11096,7786,3310,7786,3310,0,0,0,0,1,1,0,0,0.38814139999999986,0.01,1.3218906781093218,1.3218906781093218,0.8423818012497538,1.326963251671601,0.0,0.0,0.0,0.0,0.0,0.0,0.03520981584273565,0.0,0.03483343141060473,0.0,0.007025411264413787,0.04504568031527865,0.00476908167784719,1,0.44220410533717436,False,balanced,balanced,standard,,,,,False,False,False,False,False,,False,True,True,True,[],False,0,1,z-ai/glm-5,0.0,0.5068097114562988,"{""combined_score"": 0.0, ""error"": ""Program execution failed: module 'program' has no attribute 'run_packing'"", ""validity"": 0.0}","{""generation"": 0.013218919999999999, ""guide"": 0.0, ""retry"": 0.0}","[{""input_tokens"": 7786, ""meta"": {}, ""model_name"": ""z-ai/glm-5"", ""output_tokens"": 3310, ""raw_cost"": 0.013218919999999999, ""role"": ""generation"", ""total_tokens"": 11096}]",,,,[3310],[0.013218919999999999],[7786],"[""z-ai/glm-5""]",[3310],[7786],"[""generation""]",[11096],,3310,7786,0,0,0,0
28,iteration,costada,circle_packing,evaluator,,1,1,sum_radii,2.6205203849080863,2.6205203849080863,28,0.9945048899081922,0.9945048899081922,28,0.9945048899081922,0.9945048899081922,0.9944402426727061,0.9945048899081922,0.9945048899081922,,0.9945048899081922,0.9945048899081922,28,0.024053019999999998,0.024053019999999998,0.0,0.0,0.024053019999999998,0.4121944199999999,0.4121944199999999,0.5878055800000002,0.6118586000000001,0.5878055800000002,7976,7961,15937,7976,7961,7976,7961,0,0,0,0,1,1,0,0,0.41219441999999984,0.01,2.405299594700405,2.405299594700405,1.2253329224270275,1.5050753932667134,0.04433230786580904,6.50086679037639e-05,0.04433230786580904,6.50086679037639e-05,6.464723548604834e-05,0.017331739170450586,0.049005879658174954,4.3192964415333945e-05,0.00047441832615632986,4.3192964415333945e-05,0.0070361858036614615,0.04575230458005034,0.007657704872922289,0,0.4347417813599802,True,exploration,exploration,standard,,,,,False,False,False,False,False,,False,True,True,True,[],False,0,1,z-ai/glm-5,1.0,86.4932906627655,"{""combined_score"": 0.9945048899081922, ""eval_time"": 42.57888603210449, ""sum_radii"": 2.6205203849080863, ""target_ratio"": 0.9945048899081922, ""validity"": 1.0}","{""generation"": 0.024053019999999998, ""guide"": 0.0, ""retry"": 0.0}","[{""input_tokens"": 7976, ""meta"": {}, ""model_name"": ""z-ai/glm-5"", ""output_tokens"": 7961, ""raw_cost"": 0.024053019999999998, ""role"": ""generation"", ""total_tokens"": 15937}]",,,,[7961],[0.024053019999999998],[7976],"[""z-ai/glm-5""]",[7961],[7976],"[""generation""]",[15937],,7961,7976,0,0,0,0
29,iteration,costada,circle_packing,evaluator,,0,0,combined_score,0.0,2.6205203849080863,28,0.0,0.9945048899081922,28,0.0,0.9944402426727061,0.9945048899081922,0.9945048899081922,0.9945048899081922,,,0.9945048899081922,28,0.00903124,0.00903124,0.0,0.0,0.00903124,0.4212256599999999,0.4212256599999999,0.57877434,0.5878055800000002,0.57877434,8167,1370,9537,8167,1370,8167,1370,0,0,0,0,1,1,0,0,0.42122565999999995,0.01,0.9031230968769031,0.9031230968769031,0.6434962719166247,1.2710571418456196,0.0,0.0,0.0,0.0,0.0,0.0,0.031688834258462084,0.0,0.03135008826954426,0.0,0.0070361858036614615,0.04130688277104302,0.007657704872922289,2,0.44470139988181845,True,exploration,exploration,standard,,,,,False,False,False,False,False,,False,True,True,True,[],False,0,1,z-ai/glm-5,0.0,0.6058158874511719,"{""combined_score"": 0.0, ""error"": ""Program execution failed: module 'program' has no attribute 'run_packing'"", ""validity"": 0.0}","{""generation"": 0.00903124, ""guide"": 0.0, ""retry"": 0.0}","[{""input_tokens"": 8167, ""meta"": {}, ""model_name"": ""z-ai/glm-5"", ""output_tokens"": 1370, ""raw_cost"": 0.00903124, ""role"": ""generation"", ""total_tokens"": 9537}]",,,,[1370],[0.00903124],[8167],"[""z-ai/glm-5""]",[1370],[8167],"[""generation""]",[9537],,1370,8167,0,0,0,0
30,iteration,costada,circle_packing,evaluator,,1,1,,,2.6205203849080863,28,,0.9945048899081922,28,0.0,0.9945048899081922,0.9945048899081922,0.9945048899081922,0.9945048899081922,,,0.9945048899081922,28,0.023736419999999998,0.023736419999999998,0.0,0.0,0.023736419999999998,0.44496207999999987,0.44496207999999987,0.5550379200000002,0.57877434,0.5550379200000002,8271,7731,16002,8271,7731,8271,7731,0,0,0,0,1,1,0,0,0.4449620799999998,0.01,2.373639626360373,2.373639626360373,1.215992169397465,1.5410704049588082,0.0,0.0,0.0,0.0,0.0,0.0,0.04410529169235746,0.0,0.0004269764935406969,0.0,0.0070361858036614615,0.04194284460933753,0.007657704872922289,1,0.4365628065606092,False,balanced,balanced,standard,,,,,False,False,False,False,False,,False,True,True,True,[],False,0,1,z-ai/glm-5,,360.1024820804596,"{""error"": 0.0, ""timeout"": true}","{""generation"": 0.023736419999999998, ""guide"": 0.0, ""retry"": 0.0}","[{""input_tokens"": 8271, ""meta"": {}, ""model_name"": ""z-ai/glm-5"", ""output_tokens"": 7731, ""raw_cost"": 0.023736419999999998, ""role"": ""generation"", ""total_tokens"": 16002}]",,,,[7731],[0.023736419999999998],[8271],"[""z-ai/glm-5""]",[7731],[8271],"[""generation""]",[16002],,7731,8271,0,0,0,0
31,iteration,costada,circle_packing,evaluator,,0,0,sum_radii,2.6205203849080863,2.6205203849080863,28,0.9945048899081922,0.9945048899081922,28,0.9945048899081922,0.9945048899081922,0.9945048899081922,0.9945048899081922,0.9945048899081922,,0.9945048899081922,0.9945048899081922,28,0.03207906,0.03207906,0.0,0.0,0.03207906,0.47704113999999986,0.47704113999999986,0.5229588600000001,0.5550379200000002,0.5229588600000001,7898,11475,19373,7898,11475,7898,11475,0,0,0,0,1,1,0,0,0.47704113999999986,0.01,3.2079027920972076,3.2079027920972076,1.436964374431227,1.6854911233180592,0.0,0.0,0.0,0.0,0.0,0.0,0.028519950832615878,0.0,0.028215079442589833,0.0,1.0774539247674722e-05,0.04017583348093358,0.002888623195075098,3,0.447110320233844,False,exploitation,exploitation,standard,,,,,False,False,False,False,False,,False,True,True,True,[],False,0,1,z-ai/glm-5,1.0,104.09873843193054,"{""combined_score"": 0.9945048899081922, ""eval_time"": 49.04037594795227, ""sum_radii"": 2.6205203849080863, ""target_ratio"": 0.9945048899081922, ""validity"": 1.0}","{""generation"": 0.03207906, ""guide"": 0.0, ""retry"": 0.0}","[{""input_tokens"": 7898, ""meta"": {}, ""model_name"": ""z-ai/glm-5"", ""output_tokens"": 11475, ""raw_cost"": 0.03207906, ""role"": ""generation"", ""total_tokens"": 19373}]",,,,[11475],[0.03207906],[7898],"[""z-ai/glm-5""]",[11475],[7898],"[""generation""]",[19373],,11475,7898,0,0,0,0
32,iteration,costada,circle_packing,evaluator,,1,1,sum_radii,2.618068255962581,2.6205203849080863,28,0.9935742906878866,0.9945048899081922,28,0.9935742906878866,0.9945048899081922,0.9945048899081922,0.9945048899081922,0.9945048899081922,,0.9935742906878866,0.9945048899081922,28,0.01211132,0.01211132,0.0,0.0,0.01211132,0.48915245999999984,0.48915245999999984,0.5108475400000001,0.5229588600000001,0.5108475400000001,7436,2938,10374,7436,2938,7436,2938,0,0,0,0,1,1,0,0,0.4891524599999999,0.01,1.211130788869211,1.211130788869211,0.7935040538432151,1.3881444599573811,0.0,0.0,0.0,0.0,0.0,0.0,0.039694762523121714,0.0,0.00038427884418662723,0.0,1.0774539247674722e-05,0.03803742246791129,0.002888623195075098,2,0.4392531808632607,True,exploration,exploration,standard,,,,,False,False,False,False,False,,False,True,True,True,[],False,0,1,z-ai/glm-5,1.0,81.86612677574158,"{""combined_score"": 0.9935742906878866, ""eval_time"": 40.794607639312744, ""sum_radii"": 2.618068255962581, ""target_ratio"": 0.9935742906878866, ""validity"": 1.0}","{""generation"": 0.01211132, ""guide"": 0.0, ""retry"": 0.0}","[{""input_tokens"": 7436, ""meta"": {}, ""model_name"": ""z-ai/glm-5"", ""output_tokens"": 2938, ""raw_cost"": 0.01211132, ""role"": ""generation"", ""total_tokens"": 10374}]",,,,[2938],[0.01211132],[7436],"[""z-ai/glm-5""]",[2938],[7436],"[""generation""]",[10374],,2938,7436,0,0,0,0
33,iteration,costada,circle_packing,evaluator,,0,0,sum_radii,2.6205203849080863,2.6205203849080863,28,0.9945048899081922,0.9945048899081922,28,0.9945048899081922,0.9945048899081922,0.9945048899081922,0.9945048899081922,0.9945048899081922,,0.9945048899081922,0.9945048899081922,28,0.03457402,0.03457402,0.0,0.0,0.03457402,0.5237264799999999,0.5237264799999999,0.4762735200000001,0.5108475400000001,0.4762735200000001,7466,12695,20161,7466,12695,7466,12695,0,0,0,0,1,1,0,0,0.5237264799999999,0.01,3.457398542601457,3.457398542601457,1.494565309442046,1.7827434286441934,0.0,0.0,0.0,0.0,0.0,0.0,0.02566795574935429,0.0,0.02539357149833085,0.0,1.0774539247674722e-05,0.036447112452347726,0.002888623195075098,4,0.4494323091858622,False,balanced,balanced,standard,,,,,False,False,False,False,False,,False,True,True,True,[],False,0,1,z-ai/glm-5,1.0,103.93514800071716,"{""combined_score"": 0.9945048899081922, ""eval_time"": 51.83238434791565, ""sum_radii"": 2.6205203849080863, ""target_ratio"": 0.9945048899081922, ""validity"": 1.0}","{""generation"": 0.03457402, ""guide"": 0.0, ""retry"": 0.0}","[{""input_tokens"": 7466, ""meta"": {}, ""model_name"": ""z-ai/glm-5"", ""output_tokens"": 12695, ""raw_cost"": 0.03457402, ""role"": ""generation"", ""total_tokens"": 20161}]",,,,[12695],[0.03457402],[7466],"[""z-ai/glm-5""]",[12695],[7466],"[""generation""]",[20161],,12695,7466,0,0,0,0
34,iteration,costada,circle_packing,evaluator,,1,1,sum_radii,2.6205203849080863,2.6205203849080863,28,0.9945048899081922,0.9945048899081922,28,0.9945048899081922,0.9945048899081922,0.9945048899081922,0.9945048899081922,0.9945048899081922,,0.9945048899081922,0.9945048899081922,28,0.013586879999999999,0.013586879999999999,0.0,0.0,0.013586879999999999,0.5373133599999999,0.5373133599999999,0.46268664000000015,0.4762735200000001,0.46268664000000015,8214,3336,11550,8214,3336,8214,3336,0,0,0,0,1,1,0,0,0.5373133599999999,0.01,1.3586866413133585,1.3586866413133585,0.8581049562114444,1.4610712572546238,0.0,0.0,0.0,0.0,0.0,0.0,0.03572528627080954,0.0,0.0003458509597679645,0.0,0.0,0.03423368022112016,0.0,3,0.44185260838519735,True,exploration,exploration,standard,,,,,False,False,False,False,False,,False,True,True,True,[],False,0,1,z-ai/glm-5,1.0,103.9262158870697,"{""combined_score"": 0.9945048899081922, ""eval_time"": 51.19985556602478, ""sum_radii"": 2.6205203849080863, ""target_ratio"": 0.9945048899081922, ""validity"": 1.0}","{""generation"": 0.013586879999999999, ""guide"": 0.0, ""retry"": 0.0}","[{""input_tokens"": 8214, ""meta"": {}, ""model_name"": ""z-ai/glm-5"", ""output_tokens"": 3336, ""raw_cost"": 0.013586879999999999, ""role"": ""generation"", ""total_tokens"": 11550}]",,,,[3336],[0.013586879999999999],[8214],"[""z-ai/glm-5""]",[3336],[8214],"[""generation""]",[11550],,3336,8214,0,0,0,0
35,iteration,costada,circle_packing,evaluator,,0,0,combined_score,0.0,2.6205203849080863,28,0.0,0.9945048899081922,28,0.0,0.9945048899081922,0.9945048899081922,0.9945048899081922,0.9945048899081922,,,0.9945048899081922,28,0.00895806,0.00895806,0.0,0.0,0.00895806,0.5462714199999998,0.5462714199999998,0.45372858000000016,0.46268664000000015,0.45372858000000016,7468,1557,9025,7468,1557,7468,1557,0,0,0,0,1,1,0,0,0.5462714199999998,0.01,0.8958051041948958,0.8958051041948958,0.6396436054031005,1.3494190206174712,0.0,0.0,0.0,0.0,0.0,0.0,0.02310116017441886,0.0,0.022854214348497763,0.0,0.0,0.032802401207112954,0.0,5,0.4516689397492917,False,balanced,balanced,standard,,,,,False,False,False,False,False,,False,True,True,True,[],False,0,1,z-ai/glm-5,0.0,0.4721975326538086,"{""combined_score"": 0.0, ""error"": ""Program execution failed: module 'program' has no attribute 'run_packing'"", ""validity"": 0.0}","{""generation"": 0.00895806, ""guide"": 0.0, ""retry"": 0.0}","[{""input_tokens"": 7468, ""meta"": {}, ""model_name"": ""z-ai/glm-5"", ""output_tokens"": 1557, ""raw_cost"": 0.00895806, ""role"": ""generation"", ""total_tokens"": 9025}]",,,,[1557],[0.00895806],[7468],"[""z-ai/glm-5""]",[1557],[7468],"[""generation""]",[9025],,1557,7468,0,0,0,0
36,iteration,costada,circle_packing,evaluator,,1,1,sum_radii,0.9597642169962064,2.6205203849080863,28,0.36423689449571406,0.9945048899081922,28,0.36423689449571406,0.9945048899081922,0.9945048899081922,0.9945048899081922,0.9945048899081922,,0.36423689449571406,0.9945048899081922,28,0.01147958,0.01147958,0.0,0.0,0.01147958,0.5577509999999999,0.5577509999999999,0.4422490000000001,0.45372858000000016,0.4422490000000001,7354,2689,10043,7354,2689,7354,2689,0,0,0,0,1,1,0,0,0.5577509999999999,0.01,1.147956852043148,1.147956852043148,0.7645170889416717,1.4264101708743062,0.0,0.0,0.0,0.0,0.0,0.0,0.03215275764372859,0.0,0.00031126586379116806,0.0,0.0,0.030810312199008146,0.0,4,0.44436219885614037,True,exploration,exploration,standard,,,,,False,False,False,False,False,,False,True,True,True,[],False,0,1,z-ai/glm-5,1.0,0.295320987701416,"{""combined_score"": 0.36423689449571406, ""eval_time"": 0.13330531120300293, ""sum_radii"": 0.9597642169962064, ""target_ratio"": 0.36423689449571406, ""validity"": 1.0}","{""generation"": 0.01147958, ""guide"": 0.0, ""retry"": 0.0}","[{""input_tokens"": 7354, ""meta"": {}, ""model_name"": ""z-ai/glm-5"", ""output_tokens"": 2689, ""raw_cost"": 0.01147958, ""role"": ""generation"", ""total_tokens"": 10043}]",,,,[2689],[0.01147958],[7354],"[""z-ai/glm-5""]",[2689],[7354],"[""generation""]",[10043],,2689,7354,0,0,0,0
37,iteration,costada,circle_packing,evaluator,,1,1,combined_score,0.0,2.6205203849080863,28,0.0,0.9945048899081922,28,0.0,0.9945048899081922,0.9945048899081922,0.9945048899081922,0.9945048899081922,,,0.9945048899081922,28,0.00990558,0.00990558,0.0,0.0,0.00990558,0.5676565799999999,0.5676565799999999,0.43234342000000014,0.4422490000000001,0.43234342000000014,7289,2025,9314,7289,2025,7289,2025,0,0,0,0,1,1,0,0,0.5676565799999999,0.01,0.9905570094429906,0.9905570094429906,0.6884145038132257,1.3907830228570126,0.0,0.0,0.0,0.0,0.0,0.0,0.02893748187935573,0.0,0.0002801392774120513,0.0,0.0,0.030879900706798122,0.0,5,0.44678322722786323,True,exploration,exploration,standard,,,,,False,False,False,False,False,,False,True,True,True,[],False,0,1,z-ai/glm-5,0.0,0.4696047306060791,"{""combined_score"": 0.0, ""error"": ""Program execution failed: module 'program' has no attribute 'run_packing'"", ""validity"": 0.0}","{""generation"": 0.00990558, ""guide"": 0.0, ""retry"": 0.0}","[{""input_tokens"": 7289, ""meta"": {}, ""model_name"": ""z-ai/glm-5"", ""output_tokens"": 2025, ""raw_cost"": 0.00990558, ""role"": ""generation"", ""total_tokens"": 9314}]",,,,[2025],[0.00990558],[7289],"[""z-ai/glm-5""]",[2025],[7289],"[""generation""]",[9314],,2025,7289,0,0,0,0
38,iteration,costada,circle_packing,evaluator,,0,0,sum_radii,2.620350039442348,2.6205203849080863,28,0.9944402426726179,0.9945048899081922,28,0.9944402426726179,0.9945048899081922,0.9945048899081922,0.9945048899081922,0.9945048899081922,,0.9944402426726179,0.9945048899081922,28,0.03290886,0.03290886,0.0,0.0,0.03290886,0.6005654399999999,0.6005654399999999,0.3994345600000001,0.43234342000000014,0.3994345600000001,7498,11961,19459,7498,11961,7498,11961,0,0,0,0,1,1,0,0,0.6005654399999999,0.01,3.2908827091172905,3.2908827091172905,1.4564924714753018,1.8747190419882518,0.0,0.0,0.0,0.0,0.0,0.0,0.020791044156976975,0.0,0.020568792913647986,0.0,0.0,0.027729280979107332,0.0,6,0.453821899526314,False,exploitation,exploitation,standard,,,,,True,True,False,False,False,,True,True,True,True,[],False,0,1,z-ai/glm-5,1.0,45.15354132652283,"{""combined_score"": 0.9944402426726179, ""eval_time"": 22.642703771591187, ""sum_radii"": 2.620350039442348, ""target_ratio"": 0.9944402426726179, ""validity"": 1.0}","{""generation"": 0.03290886, ""guide"": 0.0, ""retry"": 0.0}","[{""input_tokens"": 7498, ""meta"": {}, ""model_name"": ""z-ai/glm-5"", ""output_tokens"": 11961, ""raw_cost"": 0.03290886, ""role"": ""generation"", ""total_tokens"": 19459}]",,,,[11961],[0.03290886],[7498],"[""z-ai/glm-5""]",[11961],[7498],"[""generation""]",[19459],,11961,7498,0,0,0,0
39,iteration,costada,circle_packing,evaluator,,1,1,sum_radii,2.620520384908167,2.620520384908167,28,0.9945048899082228,0.9945048899082228,28,0.9945048899082228,0.9945048899082228,0.9945048899081922,0.9945048899082228,0.9945048899082228,,0.9945048899082228,0.9945048899082228,28,0.03530996,0.01180212,0.0,0.02350784,0.03530996,0.6358753999999999,0.6358753999999999,0.36412460000000013,0.3994345600000001,0.36412460000000013,13743,11050,24793,13743,11050,7671,2730,0,0,6072,8320,2,1,0,1,0.6358753999999999,0.01,3.530992469007531,3.530992469007531,1.5109410035797866,1.960770215027698,3.0811467887787917e-14,3.0811467887787917e-14,3.0811467887787917e-14,3.0811467887787917e-14,3.064215547965432e-14,1.5713961611433734e-14,0.026043733691421732,1.5713961611433734e-14,0.00025212534967241756,1.5713961611433734e-14,5.10702591327572e-15,0.027791910636118574,2.6189936019056222e-15,6,0.4491171170736501,False,exploitation,exploitation,standard,,,,,True,True,True,True,True,,True,True,True,True,[],True,3,1,z-ai/glm-5,1.0,59.66135907173157,"{""combined_score"": 0.9945048899082228, ""eval_time"": 29.142847299575806, ""sum_radii"": 2.620520384908167, ""target_ratio"": 0.9945048899082228, ""validity"": 1.0}","{""generation"": 0.01180212, ""guide"": 0.02350784, ""retry"": 0.0}","[{""input_tokens"": 6072, ""meta"": {""attempt"": 1, ""source"": ""paradigm_generation""}, ""model_name"": ""z-ai/glm-5"", ""output_tokens"": 8320, ""raw_cost"": 0.02350784, ""role"": ""guide"", ""total_tokens"": 14392}, {""input_tokens"": 7671, ""meta"": {}, ""model_name"": ""z-ai/glm-5"", ""output_tokens"": 2730, ""raw_cost"": 0.01180212, ""role"": ""generation"", ""total_tokens"": 10401}]",,,,"[8320, 2730]","[0.02350784, 0.01180212]","[6072, 7671]","[""z-ai/glm-5"", ""z-ai/glm-5""]","[8320, 2730]","[6072, 7671]","[""guide"", ""generation""]","[14392, 10401]",,2730,7671,8320,6072,0,0
40,iteration,costada,circle_packing,evaluator,,0,0,sum_radii,2.4973085010050875,2.620520384908167,28,0.94774516167176,0.9945048899082228,28,0.94774516167176,0.9945048899081922,0.9945048899082228,0.9945048899082228,0.9945048899082228,,0.94774516167176,0.9945048899082228,28,0.025960439999999994,0.025960439999999994,0.0,0.0,0.025960439999999994,0.6618358399999998,0.6618358399999998,0.33816416000000016,0.36412460000000013,0.33816416000000016,8667,8574,17241,8667,8574,8667,8574,0,0,0,0,1,1,0,0,0.6618358399999998,0.01,2.5960414039585955,2.5960414039585955,1.2798336304359137,1.8470397658598023,0.0,0.0,0.0,0.0,0.0,0.0,0.018711939741279278,0.0,0.018511913622283188,0.0,5.10702591327572e-15,0.024956352881196863,2.6189936019056222e-15,7,0.4558929756801834,True,exploration,exploration,standard,,,,,True,True,False,False,False,,True,True,True,True,[],False,0,1,z-ai/glm-5,1.0,14.17176342010498,"{""combined_score"": 0.94774516167176, ""eval_time"": 7.14711332321167, ""sum_radii"": 2.4973085010050875, ""target_ratio"": 0.94774516167176, ""validity"": 1.0}","{""generation"": 0.025960439999999994, ""guide"": 0.0, ""retry"": 0.0}","[{""input_tokens"": 8667, ""meta"": {}, ""model_name"": ""z-ai/glm-5"", ""output_tokens"": 8574, ""raw_cost"": 0.025960439999999994, ""role"": ""generation"", ""total_tokens"": 17241}]",,,,[8574],[0.025960439999999994],[8667],"[""z-ai/glm-5""]",[8574],[8667],"[""generation""]",[17241],,8574,8667,0,0,0,0
41,iteration,costada,circle_packing,evaluator,,1,1,,,2.620520384908167,28,,0.9945048899082228,28,0.0,0.9945048899082228,0.9945048899082228,0.9945048899082228,0.9945048899082228,,,0.9945048899082228,28,0.01601938,0.01601938,0.0,0.0,0.01601938,0.6778552199999999,0.6778552199999999,0.32214478000000013,0.33816416000000016,0.32214478000000013,8529,4295,12824,8529,4295,8529,4295,0,0,0,0,1,1,0,0,0.6778552199999999,0.01,1.6019363980636019,1.6019363980636019,0.9562559363110141,1.6482030780844084,0.0,0.0,0.0,0.0,0.0,0.0,0.02343936032227956,0.0,0.0002269128147051758,0.0,5.10702591327572e-15,0.025012719572506975,2.6189936019056222e-15,7,0.451365424383786,False,balanced,balanced,standard,,,,,True,True,False,False,False,,True,True,True,True,[],False,0,1,z-ai/glm-5,,360.098739862442,"{""error"": 0.0, ""timeout"": true}","{""generation"": 0.01601938, ""guide"": 0.0, ""retry"": 0.0}","[{""input_tokens"": 8529, ""meta"": {}, ""model_name"": ""z-ai/glm-5"", ""output_tokens"": 4295, ""raw_cost"": 0.01601938, ""role"": ""generation"", ""total_tokens"": 12824}]",,,,[4295],[0.01601938],[8529],"[""z-ai/glm-5""]",[4295],[8529],"[""generation""]",[12824],,4295,8529,0,0,0,0
42,iteration,costada,circle_packing,evaluator,,0,0,combined_score,0.0,2.620520384908167,28,0.0,0.9945048899082228,28,0.0,0.9945048899081922,0.9945048899082228,0.9945048899082228,0.9945048899082228,,,0.9945048899082228,28,0.015193680000000001,0.015193680000000001,0.0,0.0,0.015193680000000001,0.6930488999999999,0.6930488999999999,0.30695110000000014,0.32214478000000013,0.30695110000000014,9219,3720,12939,9219,3720,9219,3720,0,0,0,0,1,1,0,0,0.6930488999999999,0.01,1.5193664806335194,1.5193664806335194,0.9240074733439159,1.64038236299278,0.0,0.0,0.0,0.0,0.0,0.0,0.01684074576715135,0.0,0.01666072226005487,0.0,5.10702591327572e-15,0.02246071759307744,2.6189936019056222e-15,8,0.45788404057301724,True,exploration,exploration,standard,,,,,True,True,False,False,False,,True,True,True,True,[],False,0,1,z-ai/glm-5,0.0,0.5342798233032227,"{""combined_score"": 0.0, ""error"": ""Program execution failed: module 'program' has no attribute 'run_packing'"", ""validity"": 0.0}","{""generation"": 0.015193680000000001, ""guide"": 0.0, ""retry"": 0.0}","[{""input_tokens"": 9219, ""meta"": {}, ""model_name"": ""z-ai/glm-5"", ""output_tokens"": 3720, ""raw_cost"": 0.015193680000000001, ""role"": ""generation"", ""total_tokens"": 12939}]",,,,[3720],[0.015193680000000001],[9219],"[""z-ai/glm-5""]",[3720],[9219],"[""generation""]",[12939],,3720,9219,0,0,0,0
43,iteration,costada,circle_packing,evaluator,,1,1,sum_radii,2.5741371325796996,2.620520384908167,28,0.9769021376014041,0.9945048899082228,28,0.9769021376014041,0.9945048899082228,0.9945048899082228,0.9945048899082228,0.9945048899082228,,0.9769021376014041,0.9945048899082228,28,0.015333879999999998,0.015333879999999998,0.0,0.0,0.015333879999999998,0.7083827799999999,0.7083827799999999,0.2916172200000001,0.30695110000000014,0.2916172200000001,8794,3914,12708,8794,3914,8794,3914,0,0,0,0,1,1,0,0,0.7083827799999999,0.01,1.533386466613533,1.533386466613533,0.9295569320674683,1.6584821237062242,0.0,0.0,0.0,0.0,0.0,0.0,0.021095424290051606,0.0,0.00020422153323465823,0.0,5.10702591327572e-15,0.02115370799486008,2.6189936019056222e-15,8,0.4535298218612859,True,exploration,exploration,standard,,,,,True,True,False,False,False,,True,True,True,True,[],False,0,1,z-ai/glm-5,1.0,6.468113660812378,"{""combined_score"": 0.9769021376014041, ""eval_time"": 3.223186731338501, ""sum_radii"": 2.5741371325796996, ""target_ratio"": 0.9769021376014041, ""validity"": 1.0}","{""generation"": 0.015333879999999998, ""guide"": 0.0, ""retry"": 0.0}","[{""input_tokens"": 8794, ""meta"": {}, ""model_name"": ""z-ai/glm-5"", ""output_tokens"": 3914, ""raw_cost"": 0.015333879999999998, ""role"": ""generation"", ""total_tokens"": 12708}]",,,,[3914],[0.015333879999999998],[8794],"[""z-ai/glm-5""]",[3914],[8794],"[""generation""]",[12708],,3914,8794,0,0,0,0
44,iteration,costada,circle_packing,evaluator,,0,0,,,2.620520384908167,28,,0.9945048899082228,28,0.0,0.9945048899081922,0.9945048899082228,0.9945048899082228,0.9945048899082228,,,0.9945048899082228,28,0.015002099999999999,0.015002099999999999,0.0,0.0,0.015002099999999999,0.7233848799999999,0.7233848799999999,0.2766151200000001,0.2916172200000001,0.2766151200000001,8675,3807,12482,8675,3807,8675,3807,0,0,0,0,1,1,0,0,0.7233848799999999,0.01,1.5002084997915002,1.5002084997915002,0.9163741283131754,1.662891188844931,0.0,0.0,0.0,0.0,0.0,0.0,0.015156671190436215,0.0,0.014994650034049383,0.0,5.10702591327572e-15,0.020214645833769956,2.6189936019056222e-15,9,0.4597970381251859,False,exploitation,exploitation,standard,,,,,True,True,False,False,False,,True,True,True,True,[],False,0,1,z-ai/glm-5,,360.07785534858704,"{""error"": 0.0, ""timeout"": true}","{""generation"": 0.015002099999999999, ""guide"": 0.0, ""retry"": 0.0}","[{""input_tokens"": 8675, ""meta"": {}, ""model_name"": ""z-ai/glm-5"", ""output_tokens"": 3807, ""raw_cost"": 0.015002099999999999, ""role"": ""generation"", ""total_tokens"": 12482}]",,,,[3807],[0.015002099999999999],[8675],"[""z-ai/glm-5""]",[3807],[8675],"[""generation""]",[12482],,3807,8675,0,0,0,0
45,iteration,costada,circle_packing,evaluator,,1,1,,,2.620520384908167,28,,0.9945048899082228,28,0.0,0.9945048899082228,0.9945048899082228,0.9945048899082228,0.9945048899082228,,,0.9945048899082228,28,0.0329029,0.024180999999999998,0.0,0.0087219,0.0329029,0.7562877799999999,0.7562877799999999,0.24371222000000015,0.2766151200000001,0.24371222000000015,15380,9491,24871,15380,9491,8930,7718,0,0,6450,1773,2,1,0,1,0.7562877799999999,0.01,3.29028670971329,3.29028670971329,1.4563535628077602,2.1014224029109716,0.0,0.0,0.0,0.0,0.0,0.0,0.018985881861046446,0.0,0.0001837993799111924,0.0,0.0,0.019038337195374077,0.0,9,0.45561208380519647,True,exploration,exploration,standard,,,,,True,True,True,True,True,,True,True,True,True,[],True,3,1,z-ai/glm-5,,360.10013341903687,"{""error"": 0.0, ""timeout"": true}","{""generation"": 0.024180999999999998, ""guide"": 0.0087219, ""retry"": 0.0}","[{""input_tokens"": 6450, ""meta"": {""attempt"": 1, ""source"": ""paradigm_generation""}, ""model_name"": ""z-ai/glm-5"", ""output_tokens"": 1773, ""raw_cost"": 0.0087219, ""role"": ""guide"", ""total_tokens"": 8223}, {""input_tokens"": 8930, ""meta"": {}, ""model_name"": ""z-ai/glm-5"", ""output_tokens"": 7718, ""raw_cost"": 0.024180999999999998, ""role"": ""generation"", ""total_tokens"": 16648}]",,,,"[1773, 7718]","[0.0087219, 0.024180999999999998]","[6450, 8930]","[""z-ai/glm-5"", ""z-ai/glm-5""]","[1773, 7718]","[6450, 8930]","[""guide"", ""generation""]","[8223, 16648]",,7718,8930,1773,6450,0,0
46,iteration,costada,circle_packing,evaluator,,0,0,combined_score,0.0,2.620520384908167,28,0.0,0.9945048899082228,28,0.0,0.9945048899082228,0.9945048899082228,0.9945048899082228,0.9945048899082228,,,0.9945048899082228,28,0.01501838,0.01501838,0.0,0.0,0.01501838,0.7713061599999999,0.7713061599999999,0.22869384000000015,0.24371222000000015,0.22869384000000015,9164,3661,12825,9164,3661,9164,3661,0,0,0,0,1,1,0,0,0.7713061599999999,0.01,1.5018364981635017,1.5018364981635017,0.9170250614535814,1.7073070787735256,0.0,0.0,0.0,0.0,0.0,0.0,0.013641004071392595,0.0,0.013495185030644445,0.0,0.0,0.018193181250392963,0.0,10,0.4616339709365177,False,exploitation,exploitation,standard,,,,,True,True,False,False,False,,True,True,True,True,[],False,0,1,z-ai/glm-5,0.0,0.5025231838226318,"{""combined_score"": 0.0, ""error"": ""Program execution failed: module 'program' has no attribute 'run_packing'"", ""validity"": 0.0}","{""generation"": 0.01501838, ""guide"": 0.0, ""retry"": 0.0}","[{""input_tokens"": 9164, ""meta"": {}, ""model_name"": ""z-ai/glm-5"", ""output_tokens"": 3661, ""raw_cost"": 0.01501838, ""role"": ""generation"", ""total_tokens"": 12825}]",,,,[3661],[0.01501838],[9164],"[""z-ai/glm-5""]",[3661],[9164],"[""generation""]",[12825],,3661,9164,0,0,0,0
47,iteration,costada,circle_packing,evaluator,,1,1,combined_score,0.0,2.620520384908167,28,0.0,0.9945048899082228,28,0.0,0.9945048899082228,0.9945048899082228,0.9945048899082228,0.9945048899082228,,,0.9945048899082228,28,0.01987148,0.01987148,0.0,0.0,0.01987148,0.7911776399999999,0.7911776399999999,0.2088223600000001,0.22869384000000015,0.2088223600000001,9129,5782,14911,9129,5782,9129,5782,0,0,0,0,1,1,0,0,0.7911776399999999,0.01,1.987146012853987,1.987146012853987,1.0943184208159433,1.8658002655896848,0.0,0.0,0.0,0.0,0.0,0.0,0.0170872936749418,0.0,0.00016541944192007316,0.0,0.0,0.017134503475836668,0.0,10,0.45761407165277224,False,exploitation,exploitation,standard,,,,,True,True,False,False,False,,True,True,True,True,[],False,0,1,z-ai/glm-5,0.0,0.4757373332977295,"{""combined_score"": 0.0, ""error"": ""Program execution failed: dual_annealing() got an unexpected keyword argument 'local_search_options'"", ""validity"": 0.0}","{""generation"": 0.01987148, ""guide"": 0.0, ""retry"": 0.0}","[{""input_tokens"": 9129, ""meta"": {}, ""model_name"": ""z-ai/glm-5"", ""output_tokens"": 5782, ""raw_cost"": 0.01987148, ""role"": ""generation"", ""total_tokens"": 14911}]",,,,[5782],[0.01987148],[9129],"[""z-ai/glm-5""]",[5782],[9129],"[""generation""]",[14911],,5782,9129,0,0,0,0
48,iteration,costada,circle_packing,evaluator,,0,0,,,2.620520384908167,28,,0.9945048899082228,28,0.0,0.9945048899082228,0.9945048899082228,0.9945048899082228,0.9945048899082228,,,0.9945048899082228,28,0.025955019999999995,0.025955019999999995,0.0,0.0,0.025955019999999995,0.81713266,0.81713266,0.18286734000000004,0.2088223600000001,0.18286734000000004,9161,8417,17578,9161,8417,9161,8417,0,0,0,0,1,1,0,0,0.81713266,0.01,2.595499404500595,2.595499404500595,1.2796828979368673,2.045670690347661,0.0,0.0,0.0,0.0,0.0,0.0,0.012276903664253335,0.0,0.012145666527580002,0.0,0.0,0.016373863125353664,0.0,11,0.46339688819680824,False,exploitation,exploitation,standard,,,,,True,True,False,False,False,,True,True,True,True,[],False,0,1,z-ai/glm-5,,360.0986063480377,"{""error"": 0.0, ""timeout"": true}","{""generation"": 0.025955019999999995, ""guide"": 0.0, ""retry"": 0.0}","[{""input_tokens"": 9161, ""meta"": {}, ""model_name"": ""z-ai/glm-5"", ""output_tokens"": 8417, ""raw_cost"": 0.025955019999999995, ""role"": ""generation"", ""total_tokens"": 17578}]",,,,[8417],[0.025955019999999995],[9161],"[""z-ai/glm-5""]",[8417],[9161],"[""generation""]",[17578],,8417,9161,0,0,0,0
49,iteration,costada,circle_packing,evaluator,,1,1,,,2.620520384908167,28,,0.9945048899082228,28,0.0,0.9945048899082228,0.9945048899082228,0.9945048899082228,0.9945048899082228,,,0.9945048899082228,28,0.018671659999999996,0.018671659999999996,0.0,0.0,0.018671659999999996,0.8358043199999999,0.8358043199999999,0.16419568000000007,0.18286734000000004,0.16419568000000007,8948,5317,14265,8948,5317,8948,5317,0,0,0,0,1,1,0,0,0.8358043199999999,0.01,1.8671641328358668,1.8671641328358668,1.0533234342461324,1.8803722767001534,0.0,0.0,0.0,0.0,0.0,0.0,0.01537856430744762,0.0,0.00014887749772806585,0.0,0.0,0.015421053128253003,0.0,11,0.4595377202366313,False,exploitation,exploitation,standard,,,,,True,True,False,False,False,,True,True,True,True,[],False,0,1,z-ai/glm-5,,360.1020631790161,"{""error"": 0.0, ""timeout"": true}","{""generation"": 0.018671659999999996, ""guide"": 0.0, ""retry"": 0.0}","[{""input_tokens"": 8948, ""meta"": {}, ""model_name"": ""z-ai/glm-5"", ""output_tokens"": 5317, ""raw_cost"": 0.018671659999999996, ""role"": ""generation"", ""total_tokens"": 14265}]",,,,[5317],[0.018671659999999996],[8948],"[""z-ai/glm-5""]",[5317],[8948],"[""generation""]",[14265],,5317,8948,0,0,0,0
50,iteration,costada,circle_packing,evaluator,,0,0,combined_score,0.0,2.620520384908167,28,0.0,0.9945048899082228,28,0.0,0.9945048899082228,0.9945048899082228,0.9945048899082228,0.9945048899082228,,,0.9945048899082228,28,0.01272234,0.01272234,0.0,0.0,0.01272234,0.84852666,0.84852666,0.15147334,0.16419568000000007,0.15147334,8537,2859,11396,8537,2859,8537,2859,0,0,0,0,1,1,0,0,0.84852666,0.01,1.2722327277672723,1.2722327277672723,0.8207629286091623,1.696439226464551,0.0,0.0,0.0,0.0,0.0,0.0,0.011049213297828002,0.0,0.010931099874822001,0.0,0.0,0.014736476812818299,0.0,12,0.4650878744016437,False,exploitation,exploitation,standard,,,,,True,True,False,False,False,,True,True,True,True,[],False,0,1,z-ai/glm-5,0.0,0.5565047264099121,"{""combined_score"": 0.0, ""error"": ""Program execution failed: dual_annealing() got an unexpected keyword argument 'restart'"", ""validity"": 0.0}","{""generation"": 0.01272234, ""guide"": 0.0, ""retry"": 0.0}","[{""input_tokens"": 8537, ""meta"": {}, ""model_name"": ""z-ai/glm-5"", ""output_tokens"": 2859, ""raw_cost"": 0.01272234, ""role"": ""generation"", ""total_tokens"": 11396}]",,,,[2859],[0.01272234],[8537],"[""z-ai/glm-5""]",[2859],[8537],"[""generation""]",[11396],,2859,8537,0,0,0,0
51,iteration,costada,circle_packing,evaluator,,1,1,sum_radii,2.3982521122354203,2.620520384908167,28,0.9101526042639168,0.9945048899082228,28,0.9101526042639168,0.9945048899082228,0.9945048899082228,0.9945048899082228,0.9945048899082228,,0.9101526042639168,0.9945048899082228,28,0.03662119999999999,0.017543279999999998,0.0,0.019077919999999998,0.03662119999999999,0.88514786,0.88514786,0.11485213999999999,0.15147334,0.11485213999999999,15200,11164,26364,15200,11164,8649,4920,0,0,6551,6244,2,1,0,1,0.88514786,0.01,3.662116337883661,3.662116337883661,1.5394694948032068,2.36265812886034,0.0,0.0,0.0,0.0,0.0,0.0,0.013840707876702859,0.0,0.00013398974795525927,0.0,0.0,0.013878947815427702,0.0,12,0.46138502479896293,False,balanced,balanced,standard,,,,,False,False,True,True,True,,True,True,False,True,[],True,3,1,z-ai/glm-5,1.0,61.71985864639282,"{""combined_score"": 0.9101526042639168, ""eval_time"": 31.545423984527588, ""sum_radii"": 2.3982521122354203, ""target_ratio"": 0.9101526042639168, ""validity"": 1.0}","{""generation"": 0.017543279999999998, ""guide"": 0.019077919999999998, ""retry"": 0.0}","[{""input_tokens"": 6551, ""meta"": {""attempt"": 1, ""source"": ""paradigm_generation""}, ""model_name"": ""z-ai/glm-5"", ""output_tokens"": 6244, ""raw_cost"": 0.019077919999999998, ""role"": ""guide"", ""total_tokens"": 12795}, {""input_tokens"": 8649, ""meta"": {}, ""model_name"": ""z-ai/glm-5"", ""output_tokens"": 4920, ""raw_cost"": 0.017543279999999998, ""role"": ""generation"", ""total_tokens"": 13569}]",,,,"[6244, 4920]","[0.019077919999999998, 0.017543279999999998]","[6551, 8649]","[""z-ai/glm-5"", ""z-ai/glm-5""]","[6244, 4920]","[6551, 8649]","[""guide"", ""generation""]","[12795, 13569]",,4920,8649,6244,6551,0,0
52,iteration,costada,circle_packing,evaluator,,1,1,combined_score,0.0,2.620520384908167,28,0.0,0.9945048899082228,28,0.0,0.9945048899082228,0.9945048899082228,0.9945048899082228,0.9945048899082228,,,0.9945048899082228,28,0.01050272,0.01050272,0.0,0.0,0.01050272,0.89565058,0.89565058,0.10434942000000003,0.11485213999999999,0.10434942000000003,8096,2032,10128,8096,2032,8096,2032,0,0,0,0,1,1,0,0,0.89565058,0.01,1.0502709497290503,1.0502709497290503,0.7179719550160895,1.6430519979338944,0.0,0.0,0.0,0.0,0.0,0.0,0.012456637089032573,0.0,0.00012059077315973335,0.0,0.0,0.013681553318367698,0.0,13,0.4631580287919612,True,exploration,exploration,standard,,,,,False,False,False,False,False,,True,True,False,True,[],False,0,1,z-ai/glm-5,0.0,0.14489984512329102,"{""combined_score"": 0.0, ""error"": ""Program execution failed: invalid syntax (tmphidnu1tn.py, line 1)"", ""validity"": 0.0}","{""generation"": 0.01050272, ""guide"": 0.0, ""retry"": 0.0}","[{""input_tokens"": 8096, ""meta"": {}, ""model_name"": ""z-ai/glm-5"", ""output_tokens"": 2032, ""raw_cost"": 0.01050272, ""role"": ""generation"", ""total_tokens"": 10128}]",,,,[2032],[0.01050272],[8096],"[""z-ai/glm-5""]",[2032],[8096],"[""generation""]",[10128],,2032,8096,0,0,0,0
53,iteration,costada,circle_packing,evaluator,,0,0,sum_radii,2.529658093882799,2.620520384908167,28,0.960022047014345,0.9945048899082228,28,0.960022047014345,0.9945048899082228,0.9945048899082228,0.9945048899082228,0.9945048899082228,,0.960022047014345,0.9945048899082228,28,0.023208299999999998,0.023208299999999998,0.0,0.0,0.023208299999999998,0.9188588799999999,0.9188588799999999,0.08114112000000007,0.10434942000000003,0.08114112000000007,9090,7245,16335,9090,7245,9090,7245,0,0,0,0,1,1,0,0,0.9188588799999999,0.01,2.3208276791723206,2.3208276791723206,1.200214052813596,2.1028273403285613,0.0,0.0,0.0,0.0,0.0,0.0,0.009944291968045202,0.0,0.0098379898873398,0.0,0.0,0.012491053033884932,0.0,13,0.4667090388793107,False,exploitation,exploitation,standard,,,,,False,False,False,False,False,,True,True,False,True,[],False,0,1,z-ai/glm-5,1.0,222.17829275131226,"{""combined_score"": 0.960022047014345, ""eval_time"": 111.18207812309265, ""sum_radii"": 2.529658093882799, ""target_ratio"": 0.960022047014345, ""validity"": 1.0}","{""generation"": 0.023208299999999998, ""guide"": 0.0, ""retry"": 0.0}","[{""input_tokens"": 9090, ""meta"": {}, ""model_name"": ""z-ai/glm-5"", ""output_tokens"": 7245, ""raw_cost"": 0.023208299999999998, ""role"": ""generation"", ""total_tokens"": 16335}]",,,,[7245],[0.023208299999999998],[9090],"[""z-ai/glm-5""]",[7245],[9090],"[""generation""]",[16335],,7245,9090,0,0,0,0
54,iteration,costada,circle_packing,evaluator,,1,1,sum_radii,2.474097645231442,2.620520384908167,28,0.9389364877538681,0.9945048899082228,28,0.9389364877538681,0.9945048899082228,0.9945048899082228,0.9945048899082228,0.9945048899082228,,0.9389364877538681,0.9945048899082228,28,0.014762439999999998,0.014762439999999998,0.0,0.0,0.014762439999999998,0.93362132,0.93362132,0.06637868000000002,0.08114112000000007,0.06637868000000002,8652,3710,12362,8652,3710,8652,3710,0,0,0,0,1,1,0,0,0.93362132,0.01,1.476242523757476,1.476242523757476,0.9067422998468538,1.8465539428828555,0.0,0.0,0.0,0.0,0.0,0.0,0.011210973380129316,0.0,0.00010853169584376002,0.0,0.0,0.012313397986530928,0.0,14,0.464858812481998,False,exploitation,exploitation,standard,,,,,False,False,False,False,False,,True,True,False,True,[],False,0,1,z-ai/glm-5,1.0,35.648499965667725,"{""combined_score"": 0.9389364877538681, ""eval_time"": 17.943889617919922, ""sum_radii"": 2.474097645231442, ""target_ratio"": 0.9389364877538681, ""validity"": 1.0}","{""generation"": 0.014762439999999998, ""guide"": 0.0, ""retry"": 0.0}","[{""input_tokens"": 8652, ""meta"": {}, ""model_name"": ""z-ai/glm-5"", ""output_tokens"": 3710, ""raw_cost"": 0.014762439999999998, ""role"": ""generation"", ""total_tokens"": 12362}]",,,,[3710],[0.014762439999999998],[8652],"[""z-ai/glm-5""]",[3710],[8652],"[""generation""]",[12362],,3710,8652,0,0,0,0
55,iteration,costada,circle_packing,evaluator,,0,0,combined_score,0.0,2.620520384908167,28,0.0,0.9945048899082228,28,0.0,0.9945048899082228,0.9945048899082228,0.9945048899082228,0.9945048899082228,,,0.9945048899082228,28,0.01142356,0.01142356,0.0,0.0,0.01142356,0.94504488,0.94504488,0.054955120000000024,0.06637868000000002,0.054955120000000024,9113,2114,11227,9113,2114,9113,2114,0,0,0,0,1,1,0,0,0.94504488,0.01,1.1423548576451423,1.1423548576451423,0.7619056248053778,1.7200350097655233,0.0,0.0,0.0,0.0,0.0,0.0,0.008949862771240682,0.0,0.008854190898605821,0.0,0.0,0.011241947730496438,0.0,14,0.4682625061255864,False,exploitation,exploitation,standard,,,,,False,False,False,False,False,,True,True,False,True,[],False,0,1,z-ai/glm-5,0.0,0.4813978672027588,"{""combined_score"": 0.0, ""error"": ""Program execution failed: module 'program' has no attribute 'run_packing'"", ""validity"": 0.0}","{""generation"": 0.01142356, ""guide"": 0.0, ""retry"": 0.0}","[{""input_tokens"": 9113, ""meta"": {}, ""model_name"": ""z-ai/glm-5"", ""output_tokens"": 2114, ""raw_cost"": 0.01142356, ""role"": ""generation"", ""total_tokens"": 11227}]",,,,[2114],[0.01142356],[9113],"[""z-ai/glm-5""]",[2114],[9113],"[""generation""]",[11227],,2114,9113,0,0,0,0
56,iteration,costada,circle_packing,evaluator,,1,1,sum_radii,2.2638747645206134,2.620520384908167,28,0.8591555083569691,0.9945048899082228,28,0.8591555083569691,0.9945048899082228,0.9945048899082228,0.9945048899082228,0.9945048899082228,,0.8591555083569691,0.9945048899082228,28,0.018915079999999997,0.018915079999999997,0.0,0.0,0.018915079999999997,0.96395996,0.96395996,0.03604004000000005,0.054955120000000024,0.03604004000000005,9219,5338,14557,9219,5338,9219,5338,0,0,0,0,1,1,0,0,0.96395996,0.01,1.8915061084938911,1.8915061084938911,1.0617775111831214,2.023511007208981,0.0,0.0,0.0,0.0,0.0,0.0,0.010089876042116384,0.0,9.767852625938402e-05,0.0,0.0,0.011082058187877835,0.0,15,0.46648948236465004,True,exploration,exploration,standard,,,,,False,False,False,False,False,,True,True,False,True,[],False,0,1,z-ai/glm-5,1.0,202.79828929901123,"{""combined_score"": 0.8591555083569691, ""eval_time"": 102.70110511779785, ""sum_radii"": 2.2638747645206134, ""target_ratio"": 0.8591555083569691, ""validity"": 1.0}","{""generation"": 0.018915079999999997, ""guide"": 0.0, ""retry"": 0.0}","[{""input_tokens"": 9219, ""meta"": {}, ""model_name"": ""z-ai/glm-5"", ""output_tokens"": 5338, ""raw_cost"": 0.018915079999999997, ""role"": ""generation"", ""total_tokens"": 14557}]",,,,[5338],[0.018915079999999997],[9219],"[""z-ai/glm-5""]",[5338],[9219],"[""generation""]",[14557],,5338,9219,0,0,0,0
57,iteration,costada,circle_packing,evaluator,,0,0,,,2.620520384908167,28,,0.9945048899082228,28,0.0,0.9945048899082228,0.9945048899082228,0.9945048899082228,0.9945048899082228,,,0.9945048899082228,28,0.0392481,0.0392481,0.0,0.0,0.0392481,1.00320806,1.00320806,0.0,0.03604004000000005,0.0,8080,14535,22615,8080,14535,8080,14535,0,0,0,0,1,1,0,0,1.0,0.01,3.9248060751939247,3.9248060751939247,1.5942848982536708,2.5942848982536706,0.0,0.0,0.0,0.0,0.0,0.0,0.008054876494116615,0.0,0.007968771808745239,0.0,0.0,0.010117752957446794,0.0,15,0.4697504069354286,False,balanced,balanced,standard,,,,,False,False,False,False,False,,True,True,False,True,[],False,0,1,z-ai/glm-5,,360.0218675136566,"{""error"": 0.0, ""timeout"": true}","{""generation"": 0.0392481, ""guide"": 0.0, ""retry"": 0.0}","[{""input_tokens"": 8080, ""meta"": {}, ""model_name"": ""z-ai/glm-5"", ""output_tokens"": 14535, ""raw_cost"": 0.0392481, ""role"": ""generation"", ""total_tokens"": 22615}]",,,,[14535],[0.0392481],[8080],"[""z-ai/glm-5""]",[14535],[8080],"[""generation""]",[22615],,14535,8080,0,0,0,0
