iteration,source,method,task_family,task_name,seed,frontier_id,objective_key,objective_value,best_so_far_objective,best_so_far_objective_iteration,combined_score,best_so_far_combined_score,best_so_far_combined_score_iteration,candidate_score,local_best,global_best_before,global_best_after,global_best,target_value,target_ratio,best_so_far_target_ratio,best_so_far_target_ratio_iteration,generation_cost,retry_cost,guide_cost,iteration_cost,cumulative_cost,remaining_budget_ratio,remaining_budget_ratio_before,remaining_budget_ratio_after,input_tokens,output_tokens,total_tokens,prompt_tokens,completion_tokens,generation_input_tokens,generation_output_tokens,retry_input_tokens,retry_output_tokens,guide_input_tokens,guide_output_tokens,num_calls,num_generation_calls_this_iteration,num_retry_calls_this_iteration,num_guide_calls_this_iteration,lambda_t,local_gain,global_gain,local_gain_normalized,global_gain_normalized,frontier_improvement,utility,frontier_signal,routing_reward,routing_stat,router_reward,recent_improvement_avg,stagnation_steps,intensity,tier,base_tier,final_tier,tier_override_reason,meta_triggered,guide_triggered,meta_sources,paradigm_triggered,paradigm_count,attempts_used,model_name,validity,eval_time,metrics_raw,calls,action_family,action_tier,budget_bin,call_completion_tokens,call_costs,call_input_tokens,call_model_names,call_output_tokens,call_prompt_tokens,call_roles,call_total_tokens,frontier_gain,generation_completion_tokens,generation_prompt_tokens,guide_completion_tokens,guide_prompt_tokens,retry_completion_tokens,retry_prompt_tokens
1,iteration,evox,circle_packing,evaluator,,,sum_radii,1.830925640652798,1.830925640652798,1,0.6948484404754453,0.6948484404754453,1,0.6948484404754453,0.6948484404754453,0.36423689449571406,0.6948484404754453,0.6948484404754453,,0.6948484404754453,0.6948484404754453,1,0.014542179999999998,0.032403219999999996,0.006311119999999999,0.053256519999999995,0.053256519999999995,0.9994674348,1.0,0.9994674348,10136,19982,30118,10136,19982,1839,5747,2381,13343,5916,892,3,1,1,1,,0.3306115459797312,0.3306115459797312,0.9076827498144109,0.9076827498144109,,0.3306115459797312,,,,,,,,,,,,True,True,"[""pending_evox_meta""]",False,0,2,z-ai/glm-5,1.0,0.3064119815826416,"{""combined_score"": 0.6948484404754453, ""eval_time"": 0.1479477882385254, ""sum_radii"": 1.830925640652798, ""target_ratio"": 0.6948484404754453, ""validity"": 1.0}","[{""input_tokens"": 1839, ""meta"": {}, ""model_name"": ""z-ai/glm-5"", ""output_tokens"": 5747, ""raw_cost"": 0.014542179999999998, ""role"": ""generation"", ""total_tokens"": 7586}, {""input_tokens"": 2381, ""meta"": {}, ""model_name"": ""z-ai/glm-5"", ""output_tokens"": 13343, ""raw_cost"": 0.032403219999999996, ""role"": ""retry"", ""total_tokens"": 15724}, {""input_tokens"": 5916, ""meta"": {""source"": ""evox_variation_operator_generation""}, ""model_name"": ""z-ai/glm-5"", ""output_tokens"": 892, ""raw_cost"": 0.006311119999999999, ""role"": ""guide"", ""total_tokens"": 6808}]",,,,"[5747, 13343, 892]","[0.014542179999999998, 0.032403219999999996, 0.006311119999999999]","[1839, 2381, 5916]","[""z-ai/glm-5"", ""z-ai/glm-5"", ""z-ai/glm-5""]","[5747, 13343, 892]","[1839, 2381, 5916]","[""generation"", ""retry"", ""guide""]","[7586, 15724, 6808]",,5747,1839,892,5916,13343,2381
3,iteration,evox,circle_packing,evaluator,,,sum_radii,1.830925640652798,1.830925640652798,1,0.6948484404754453,0.6948484404754453,1,0.6948484404754453,0.6948484404754453,0.6948484404754453,0.6948484404754453,0.6948484404754453,,0.6948484404754453,0.6948484404754453,1,0.008156779999999999,0.0,0.0,0.008156779999999999,0.06141329999999999,0.999385867,0.9994674348,0.999385867,3084,2581,5665,3084,2581,3084,2581,0,0,0,0,1,1,0,0,,0.0,0.0,0.0,0.0,,0.0,,,,,,,,,,,,False,False,[],False,0,1,z-ai/glm-5,1.0,0.3005497455596924,"{""combined_score"": 0.6948484404754453, ""eval_time"": 0.14735984802246094, ""sum_radii"": 1.830925640652798, ""target_ratio"": 0.6948484404754453, ""validity"": 1.0}","[{""input_tokens"": 3084, ""meta"": {}, ""model_name"": ""z-ai/glm-5"", ""output_tokens"": 2581, ""raw_cost"": 0.008156779999999999, ""role"": ""generation"", ""total_tokens"": 5665}]",,,,[2581],[0.008156779999999999],[3084],"[""z-ai/glm-5""]",[2581],[3084],"[""generation""]",[5665],,2581,3084,0,0,0,0
4,iteration,evox,circle_packing,evaluator,,,,,1.830925640652798,1,,0.6948484404754453,1,,,0.6948484404754453,0.6948484404754453,0.6948484404754453,,,0.6948484404754453,1,0.0,0.0,0.0,0.0,0.06141329999999999,0.999385867,0.999385867,0.999385867,0,0,0,0,0,0,0,0,0,0,0,0,0,0,0,,,,,,,,,,,,,,,,,,,False,False,[],False,0,1,unknown,,0.0,{},[],,,,[],[],[],[],[],[],[],[],,0,0,0,0,0,0
5,iteration,evox,circle_packing,evaluator,,,sum_radii,1.5230685724289754,1.830925640652798,1,0.5780146384929699,0.6948484404754453,1,0.5780146384929699,0.5780146384929699,0.6948484404754453,0.6948484404754453,0.6948484404754453,,0.5780146384929699,0.6948484404754453,1,0.00394266,0.014954859999999999,0.0,0.018897519999999998,0.08031081999999999,0.9991968918,0.999385867,0.9991968918,8511,5552,14063,8511,5552,4163,411,4348,5141,0,0,2,1,1,0,,-0.1168338019824754,0.0,-0.16814285702725715,0.0,,-0.1168338019824754,,,,,,,,,,,,False,False,[],False,0,2,z-ai/glm-5,1.0,1.9705238342285156,"{""combined_score"": 0.5780146384929699, ""eval_time"": 1.0450103282928467, ""sum_radii"": 1.5230685724289754, ""target_ratio"": 0.5780146384929699, ""validity"": 1.0}","[{""input_tokens"": 4163, ""meta"": {}, ""model_name"": ""z-ai/glm-5"", ""output_tokens"": 411, ""raw_cost"": 0.00394266, ""role"": ""generation"", ""total_tokens"": 4574}, {""input_tokens"": 4348, ""meta"": {}, ""model_name"": ""z-ai/glm-5"", ""output_tokens"": 5141, ""raw_cost"": 0.014954859999999999, ""role"": ""retry"", ""total_tokens"": 9489}]",,,,"[411, 5141]","[0.00394266, 0.014954859999999999]","[4163, 4348]","[""z-ai/glm-5"", ""z-ai/glm-5""]","[411, 5141]","[4163, 4348]","[""generation"", ""retry""]","[4574, 9489]",,411,4163,0,0,5141,4348
7,iteration,evox,circle_packing,evaluator,,,sum_radii,1.6733279720272727,1.830925640652798,1,0.635039078568225,0.6948484404754453,1,0.635039078568225,0.635039078568225,0.6948484404754453,0.6948484404754453,0.6948484404754453,,0.635039078568225,0.6948484404754453,1,0.00803108,0.0,0.0,0.00803108,0.08834189999999999,0.999116581,0.9991968918,0.999116581,5794,1678,7472,5794,1678,5794,1678,0,0,0,0,1,1,0,0,,-0.059809361907220304,0.0,-0.08607540640991604,0.0,,-0.059809361907220304,,,,,,,,,,,,False,False,[],False,0,1,z-ai/glm-5,1.0,0.3672769069671631,"{""combined_score"": 0.635039078568225, ""eval_time"": 0.19336462020874023, ""sum_radii"": 1.6733279720272727, ""target_ratio"": 0.635039078568225, ""validity"": 1.0}","[{""input_tokens"": 5794, ""meta"": {}, ""model_name"": ""z-ai/glm-5"", ""output_tokens"": 1678, ""raw_cost"": 0.00803108, ""role"": ""generation"", ""total_tokens"": 7472}]",,,,[1678],[0.00803108],[5794],"[""z-ai/glm-5""]",[1678],[5794],"[""generation""]",[7472],,1678,5794,0,0,0,0
8,iteration,evox,circle_packing,evaluator,,,sum_radii,1.4294420548247504,1.830925640652798,1,0.5424827532541747,0.6948484404754453,1,0.5424827532541747,0.5424827532541747,0.6948484404754453,0.6948484404754453,0.6948484404754453,,0.5424827532541747,0.6948484404754453,1,0.01820768,0.0,0.0,0.01820768,0.10654957999999999,0.9989345042,0.999116581,0.9989345042,7029,5716,12745,7029,5716,7029,5716,0,0,0,0,1,1,0,0,,-0.15236568722127053,0.0,-0.21927902308741654,0.0,,-0.15236568722127053,,,,,,,,,,,,False,False,[],False,0,1,z-ai/glm-5,1.0,0.35947418212890625,"{""combined_score"": 0.5424827532541747, ""eval_time"": 0.17768192291259766, ""sum_radii"": 1.4294420548247504, ""target_ratio"": 0.5424827532541747, ""validity"": 1.0}","[{""input_tokens"": 7029, ""meta"": {}, ""model_name"": ""z-ai/glm-5"", ""output_tokens"": 5716, ""raw_cost"": 0.01820768, ""role"": ""generation"", ""total_tokens"": 12745}]",,,,[5716],[0.01820768],[7029],"[""z-ai/glm-5""]",[5716],[7029],"[""generation""]",[12745],,5716,7029,0,0,0,0
9,iteration,evox,circle_packing,evaluator,,,sum_radii,1.5405270489184133,1.830925640652798,1,0.5846402462688476,0.6948484404754453,1,0.5846402462688476,0.5846402462688476,0.6948484404754453,0.6948484404754453,0.6948484404754453,,0.5846402462688476,0.6948484404754453,1,0.010321039999999998,0.0,0.0,0.010321039999999998,0.11687062,0.9988312938,0.9989345042,0.9988312938,7077,2272,9349,7077,2272,7077,2272,0,0,0,0,1,1,0,0,,-0.11020819420659766,0.0,-0.15860752904790068,0.0,,-0.11020819420659766,,,,,,,,,,,,False,False,[],False,0,1,z-ai/glm-5,1.0,0.305788516998291,"{""combined_score"": 0.5846402462688476, ""eval_time"": 0.15262627601623535, ""sum_radii"": 1.5405270489184133, ""target_ratio"": 0.5846402462688476, ""validity"": 1.0}","[{""input_tokens"": 7077, ""meta"": {}, ""model_name"": ""z-ai/glm-5"", ""output_tokens"": 2272, ""raw_cost"": 0.010321039999999998, ""role"": ""generation"", ""total_tokens"": 9349}]",,,,[2272],[0.010321039999999998],[7077],"[""z-ai/glm-5""]",[2272],[7077],"[""generation""]",[9349],,2272,7077,0,0,0,0
10,iteration,evox,circle_packing,evaluator,,,sum_radii,1.5359423709361109,1.830925640652798,1,0.5829003305260383,0.6948484404754453,1,0.5829003305260383,0.5829003305260383,0.6948484404754453,0.6948484404754453,0.6948484404754453,,0.5829003305260383,0.6948484404754453,1,0.00907114,0.0,0.0,0.00907114,0.12594175999999999,0.9987405824,0.9988312938,0.9987405824,7082,1727,8809,7082,1727,7082,1727,0,0,0,0,1,1,0,0,,-0.11194810994940696,0.0,-0.1611115509920512,0.0,,-0.11194810994940696,,,,,,,,,,,,False,False,[],False,0,1,z-ai/glm-5,1.0,0.3557710647583008,"{""combined_score"": 0.5829003305260383, ""eval_time"": 0.15682649612426758, ""sum_radii"": 1.5359423709361109, ""target_ratio"": 0.5829003305260383, ""validity"": 1.0}","[{""input_tokens"": 7082, ""meta"": {}, ""model_name"": ""z-ai/glm-5"", ""output_tokens"": 1727, ""raw_cost"": 0.00907114, ""role"": ""generation"", ""total_tokens"": 8809}]",,,,[1727],[0.00907114],[7082],"[""z-ai/glm-5""]",[1727],[7082],"[""generation""]",[8809],,1727,7082,0,0,0,0
11,iteration,evox,circle_packing,evaluator,,,sum_radii,1.2181448286596943,1.830925640652798,1,0.4622940526222749,0.6948484404754453,1,0.4622940526222749,0.4622940526222749,0.6948484404754453,0.6948484404754453,0.6948484404754453,,0.4622940526222749,0.6948484404754453,1,0.01456566,0.0,0.0,0.01456566,0.14050742,0.9985949258,0.9987405824,0.9985949258,7053,4125,11178,7053,4125,7053,4125,0,0,0,0,1,1,0,0,,-0.23255438785317034,0.0,-0.33468361488160875,0.0,,-0.23255438785317034,,,,,,,,,,,,False,False,[],False,0,1,z-ai/glm-5,1.0,0.38408565521240234,"{""combined_score"": 0.4622940526222749, ""eval_time"": 0.16228270530700684, ""sum_radii"": 1.2181448286596943, ""target_ratio"": 0.4622940526222749, ""validity"": 1.0}","[{""input_tokens"": 7053, ""meta"": {}, ""model_name"": ""z-ai/glm-5"", ""output_tokens"": 4125, ""raw_cost"": 0.01456566, ""role"": ""generation"", ""total_tokens"": 11178}]",,,,[4125],[0.01456566],[7053],"[""z-ai/glm-5""]",[4125],[7053],"[""generation""]",[11178],,4125,7053,0,0,0,0
12,iteration,evox,circle_packing,evaluator,,,sum_radii,1.4429910558956536,1.830925640652798,1,0.5476246891444606,0.6948484404754453,1,0.5476246891444606,0.5476246891444606,0.6948484404754453,0.6948484404754453,0.6948484404754453,,0.5476246891444606,0.6948484404754453,1,0.00959732,0.0,0.0,0.00959732,0.15010474,0.9984989526,0.9985949258,0.9984989526,7241,1906,9147,7241,1906,7241,1906,0,0,0,0,1,1,0,0,,-0.14722375133098464,0.0,-0.21187894043519448,0.0,,-0.14722375133098464,,,,,,,,,,,,False,False,[],False,0,1,z-ai/glm-5,1.0,0.38742494583129883,"{""combined_score"": 0.5476246891444606, ""eval_time"": 0.18480849266052246, ""sum_radii"": 1.4429910558956536, ""target_ratio"": 0.5476246891444606, ""validity"": 1.0}","[{""input_tokens"": 7241, ""meta"": {}, ""model_name"": ""z-ai/glm-5"", ""output_tokens"": 1906, ""raw_cost"": 0.00959732, ""role"": ""generation"", ""total_tokens"": 9147}]",,,,[1906],[0.00959732],[7241],"[""z-ai/glm-5""]",[1906],[7241],"[""generation""]",[9147],,1906,7241,0,0,0,0
13,iteration,evox,circle_packing,evaluator,,,sum_radii,1.623258487069974,1.830925640652798,1,0.6160373764971439,0.6948484404754453,1,0.6160373764971439,0.6160373764971439,0.6948484404754453,0.6948484404754453,0.6948484404754453,,0.6160373764971439,0.6948484404754453,1,0.012473799999999998,0.0,0.04231185999999999,0.05478565999999999,0.20489039999999997,0.997951096,0.9984989526,0.997951096,13298,19657,32955,13298,19657,6930,3254,0,0,6368,16403,3,1,0,2,,-0.0788110639783014,0.0,-0.11342194842428584,0.0,,-0.0788110639783014,,,,,,,,,,,,True,True,"[""evox_search_algorithm_generation""]",False,0,1,z-ai/glm-5,1.0,0.3387932777404785,"{""combined_score"": 0.6160373764971439, ""eval_time"": 0.17749309539794922, ""sum_radii"": 1.623258487069974, ""target_ratio"": 0.6160373764971439, ""validity"": 1.0}","[{""input_tokens"": 6930, ""meta"": {}, ""model_name"": ""z-ai/glm-5"", ""output_tokens"": 3254, ""raw_cost"": 0.012473799999999998, ""role"": ""generation"", ""total_tokens"": 10184}, {""input_tokens"": 3169, ""meta"": {""inner_search_iteration"": 1, ""original_role"": ""generation"", ""source"": ""evox_search_algorithm_generation""}, ""model_name"": ""z-ai/glm-5"", ""output_tokens"": 5805, ""raw_cost"": 0.01563318, ""role"": ""guide"", ""total_tokens"": 8974}, {""input_tokens"": 3199, ""meta"": {""inner_search_iteration"": 1, ""original_role"": ""retry"", ""source"": ""evox_search_algorithm_generation""}, ""model_name"": ""z-ai/glm-5"", ""output_tokens"": 10598, ""raw_cost"": 0.026678679999999996, ""role"": ""guide"", ""total_tokens"": 13797}]",,,,"[3254, 5805, 10598]","[0.012473799999999998, 0.01563318, 0.026678679999999996]","[6930, 3169, 3199]","[""z-ai/glm-5"", ""z-ai/glm-5"", ""z-ai/glm-5""]","[3254, 5805, 10598]","[6930, 3169, 3199]","[""generation"", ""guide"", ""guide""]","[10184, 8974, 13797]",,3254,6930,16403,6368,0,0
14,iteration,evox,circle_packing,evaluator,,,,,1.830925640652798,1,,0.6948484404754453,1,,,0.6948484404754453,0.6948484404754453,0.6948484404754453,,,0.6948484404754453,1,0.039612079999999994,0.03797106,0.0,0.07758314,0.28247353999999997,0.9971752646,0.997951096,0.9971752646,8487,31075,39562,8487,31075,2679,16384,5808,14691,0,0,3,1,2,0,,,,,,,,,,,,,,,,,,,False,False,[],False,0,3,z-ai/glm-5,,360.1017417907715,"{""error"": 0.0, ""timeout"": true}","[{""input_tokens"": 2679, ""meta"": {}, ""model_name"": ""z-ai/glm-5"", ""output_tokens"": 16384, ""raw_cost"": 0.039612079999999994, ""role"": ""generation"", ""total_tokens"": 19063}, {""input_tokens"": 2713, ""meta"": {}, ""model_name"": ""z-ai/glm-5"", ""output_tokens"": 3799, ""raw_cost"": 0.010691059999999999, ""role"": ""retry"", ""total_tokens"": 6512}, {""input_tokens"": 3095, ""meta"": {}, ""model_name"": ""z-ai/glm-5"", ""output_tokens"": 10892, ""raw_cost"": 0.02728, ""role"": ""retry"", ""total_tokens"": 13987}]",,,,"[16384, 3799, 10892]","[0.039612079999999994, 0.010691059999999999, 0.02728]","[2679, 2713, 3095]","[""z-ai/glm-5"", ""z-ai/glm-5"", ""z-ai/glm-5""]","[16384, 3799, 10892]","[2679, 2713, 3095]","[""generation"", ""retry"", ""retry""]","[19063, 6512, 13987]",,16384,2679,0,0,14691,5808
17,iteration,evox,circle_packing,evaluator,,,sum_radii,2.6086313963302468,2.6086313963302468,17,0.9899929397837749,0.9899929397837749,17,0.9899929397837749,0.9899929397837749,0.6948484404754453,0.9899929397837749,0.9899929397837749,,0.9899929397837749,0.9899929397837749,17,0.012401579999999999,0.0,0.0,0.012401579999999999,0.29487512,0.9970512488,0.9971752646,0.9970512488,2859,4497,7356,2859,4497,2859,4497,0,0,0,0,1,1,0,0,,0.29514449930832964,0.29514449930832964,0.42476097248830125,0.42476097248830125,,0.29514449930832964,,,,,,,,,,,,False,False,[],False,0,1,z-ai/glm-5,1.0,13.526075839996338,"{""combined_score"": 0.9899929397837749, ""eval_time"": 6.4942896366119385, ""sum_radii"": 2.6086313963302468, ""target_ratio"": 0.9899929397837749, ""validity"": 1.0}","[{""input_tokens"": 2859, ""meta"": {}, ""model_name"": ""z-ai/glm-5"", ""output_tokens"": 4497, ""raw_cost"": 0.012401579999999999, ""role"": ""generation"", ""total_tokens"": 7356}]",,,,[4497],[0.012401579999999999],[2859],"[""z-ai/glm-5""]",[4497],[2859],"[""generation""]",[7356],,4497,2859,0,0,0,0
18,iteration,evox,circle_packing,evaluator,,,sum_radii,2.5922886946419217,2.6086313963302468,17,0.9837907759551886,0.9899929397837749,17,0.9837907759551886,0.9837907759551886,0.9899929397837749,0.9899929397837749,0.9899929397837749,,0.9837907759551886,0.9899929397837749,17,0.01393866,0.0,0.0,0.01393866,0.30881378,0.9969118622,0.9970512488,0.9969118622,8808,3303,12111,8808,3303,8808,3303,0,0,0,0,1,1,0,0,,-0.0062021638285862934,0.0,-0.006264856626089589,0.0,,-0.0062021638285862934,,,,,,,,,,,,False,False,[],False,0,1,z-ai/glm-5,1.0,5.8041229248046875,"{""combined_score"": 0.9837907759551886, ""eval_time"": 2.8501296043395996, ""sum_radii"": 2.5922886946419217, ""target_ratio"": 0.9837907759551886, ""validity"": 1.0}","[{""input_tokens"": 8808, ""meta"": {}, ""model_name"": ""z-ai/glm-5"", ""output_tokens"": 3303, ""raw_cost"": 0.01393866, ""role"": ""generation"", ""total_tokens"": 12111}]",,,,[3303],[0.01393866],[8808],"[""z-ai/glm-5""]",[3303],[8808],"[""generation""]",[12111],,3303,8808,0,0,0,0
19,iteration,evox,circle_packing,evaluator,,,sum_radii,1.5353238467901726,2.6086313963302468,17,0.5826655965048094,0.9899929397837749,17,0.5826655965048094,0.5826655965048094,0.9899929397837749,0.9899929397837749,0.9899929397837749,,0.5826655965048094,0.9899929397837749,17,0.0120494,0.0,0.0,0.0120494,0.32086317999999997,0.9967913682,0.9969118622,0.9967913682,9535,2254,11789,9535,2254,9535,2254,0,0,0,0,1,1,0,0,,-0.40732734327896547,0.0,-0.4114446951186643,0.0,,-0.40732734327896547,,,,,,,,,,,,False,False,[],False,0,1,z-ai/glm-5,1.0,0.3931999206542969,"{""combined_score"": 0.5826655965048094, ""eval_time"": 0.1884927749633789, ""sum_radii"": 1.5353238467901726, ""target_ratio"": 0.5826655965048094, ""validity"": 1.0}","[{""input_tokens"": 9535, ""meta"": {}, ""model_name"": ""z-ai/glm-5"", ""output_tokens"": 2254, ""raw_cost"": 0.0120494, ""role"": ""generation"", ""total_tokens"": 11789}]",,,,[2254],[0.0120494],[9535],"[""z-ai/glm-5""]",[2254],[9535],"[""generation""]",[11789],,2254,9535,0,0,0,0
20,iteration,evox,circle_packing,evaluator,,,sum_radii,2.5922886946419217,2.6086313963302468,17,0.9837907759551886,0.9899929397837749,17,0.9837907759551886,0.9837907759551886,0.9899929397837749,0.9899929397837749,0.9899929397837749,,0.9837907759551886,0.9899929397837749,17,0.012684119999999998,0.0,0.0,0.012684119999999998,0.3335473,0.996664527,0.9967913682,0.996664527,9241,2622,11863,9241,2622,9241,2622,0,0,0,0,1,1,0,0,,-0.0062021638285862934,0.0,-0.006264856626089589,0.0,,-0.0062021638285862934,,,,,,,,,,,,False,False,[],False,0,1,z-ai/glm-5,1.0,5.920027256011963,"{""combined_score"": 0.9837907759551886, ""eval_time"": 3.2580695152282715, ""sum_radii"": 2.5922886946419217, ""target_ratio"": 0.9837907759551886, ""validity"": 1.0}","[{""input_tokens"": 9241, ""meta"": {}, ""model_name"": ""z-ai/glm-5"", ""output_tokens"": 2622, ""raw_cost"": 0.012684119999999998, ""role"": ""generation"", ""total_tokens"": 11863}]",,,,[2622],[0.012684119999999998],[9241],"[""z-ai/glm-5""]",[2622],[9241],"[""generation""]",[11863],,2622,9241,0,0,0,0
21,iteration,evox,circle_packing,evaluator,,,sum_radii,2.5922886946419217,2.6086313963302468,17,0.9837907759551886,0.9899929397837749,17,0.9837907759551886,0.9837907759551886,0.9899929397837749,0.9899929397837749,0.9899929397837749,,0.9837907759551886,0.9899929397837749,17,0.012518919999999998,0.0,0.0,0.012518919999999998,0.34606622,0.9965393378,0.996664527,0.9965393378,9216,2558,11774,9216,2558,9216,2558,0,0,0,0,1,1,0,0,,-0.0062021638285862934,0.0,-0.006264856626089589,0.0,,-0.0062021638285862934,,,,,,,,,,,,False,False,[],False,0,1,z-ai/glm-5,1.0,5.8078131675720215,"{""combined_score"": 0.9837907759551886, ""eval_time"": 2.773594379425049, ""sum_radii"": 2.5922886946419217, ""target_ratio"": 0.9837907759551886, ""validity"": 1.0}","[{""input_tokens"": 9216, ""meta"": {}, ""model_name"": ""z-ai/glm-5"", ""output_tokens"": 2558, ""raw_cost"": 0.012518919999999998, ""role"": ""generation"", ""total_tokens"": 11774}]",,,,[2558],[0.012518919999999998],[9216],"[""z-ai/glm-5""]",[2558],[9216],"[""generation""]",[11774],,2558,9216,0,0,0,0
22,iteration,evox,circle_packing,evaluator,,,sum_radii,2.5922886946419217,2.6086313963302468,17,0.9837907759551886,0.9899929397837749,17,0.9837907759551886,0.9837907759551886,0.9899929397837749,0.9899929397837749,0.9899929397837749,,0.9837907759551886,0.9899929397837749,17,0.012346439999999998,0.013307020000000001,0.0,0.02565346,0.37171968,0.9962828032,0.9965393378,0.9962828032,18728,5291,24019,18728,5291,9347,2442,9381,2849,0,0,2,1,1,0,,-0.0062021638285862934,0.0,-0.006264856626089589,0.0,,-0.0062021638285862934,,,,,,,,,,,,False,False,[],False,0,2,z-ai/glm-5,1.0,5.8508031368255615,"{""combined_score"": 0.9837907759551886, ""eval_time"": 2.71004581451416, ""sum_radii"": 2.5922886946419217, ""target_ratio"": 0.9837907759551886, ""validity"": 1.0}","[{""input_tokens"": 9347, ""meta"": {}, ""model_name"": ""z-ai/glm-5"", ""output_tokens"": 2442, ""raw_cost"": 0.012346439999999998, ""role"": ""generation"", ""total_tokens"": 11789}, {""input_tokens"": 9381, ""meta"": {}, ""model_name"": ""z-ai/glm-5"", ""output_tokens"": 2849, ""raw_cost"": 0.013307020000000001, ""role"": ""retry"", ""total_tokens"": 12230}]",,,,"[2442, 2849]","[0.012346439999999998, 0.013307020000000001]","[9347, 9381]","[""z-ai/glm-5"", ""z-ai/glm-5""]","[2442, 2849]","[9347, 9381]","[""generation"", ""retry""]","[11789, 12230]",,2442,9347,0,0,2849,9381
24,iteration,evox,circle_packing,evaluator,,,sum_radii,2.610529791766233,2.610529791766233,24,0.9907133934596711,0.9907133934596711,24,0.9907133934596711,0.9907133934596711,0.9899929397837749,0.9907133934596711,0.9907133934596711,,0.9907133934596711,0.9907133934596711,24,0.016298959999999998,0.0,0.0,0.016298959999999998,0.38801863999999997,0.9961198136,0.9962828032,0.9961198136,9898,3988,13886,9898,3988,9898,3988,0,0,0,0,1,1,0,0,,0.0007204536758962377,0.0007204536758962377,0.0007277361756272651,0.0007277361756272651,,0.0007204536758962377,,,,,,,,,,,,False,False,[],False,0,1,z-ai/glm-5,1.0,27.493091583251953,"{""combined_score"": 0.9907133934596711, ""eval_time"": 13.353452682495117, ""sum_radii"": 2.610529791766233, ""target_ratio"": 0.9907133934596711, ""validity"": 1.0}","[{""input_tokens"": 9898, ""meta"": {}, ""model_name"": ""z-ai/glm-5"", ""output_tokens"": 3988, ""raw_cost"": 0.016298959999999998, ""role"": ""generation"", ""total_tokens"": 13886}]",,,,[3988],[0.016298959999999998],[9898],"[""z-ai/glm-5""]",[3988],[9898],"[""generation""]",[13886],,3988,9898,0,0,0,0
25,iteration,evox,circle_packing,evaluator,,,sum_radii,1.0190573678831294,2.610529791766233,24,0.3867390390448309,0.9907133934596711,24,0.3867390390448309,0.3867390390448309,0.9907133934596711,0.9907133934596711,0.9907133934596711,,0.3867390390448309,0.9907133934596711,24,0.02960142,0.0,0.0,0.02960142,0.41762005999999996,0.9958237994,0.9961198136,0.9958237994,2981,11937,14918,2981,11937,2981,11937,0,0,0,0,1,1,0,0,,-0.6039743544148402,0.0,-0.6096358022431703,0.0,,-0.6039743544148402,,,,,,,,,,,,False,False,[],False,0,1,z-ai/glm-5,1.0,459.53881788253784,"{""combined_score"": 0.3867390390448309, ""eval_time"": 228.0927300453186, ""sum_radii"": 1.0190573678831294, ""target_ratio"": 0.3867390390448309, ""validity"": 1.0}","[{""input_tokens"": 2981, ""meta"": {}, ""model_name"": ""z-ai/glm-5"", ""output_tokens"": 11937, ""raw_cost"": 0.02960142, ""role"": ""generation"", ""total_tokens"": 14918}]",,,,[11937],[0.02960142],[2981],"[""z-ai/glm-5""]",[11937],[2981],"[""generation""]",[14918],,11937,2981,0,0,0,0
26,iteration,evox,circle_packing,evaluator,,,sum_radii,2.6089206677176175,2.610529791766233,24,0.9901027201964394,0.9907133934596711,24,0.9901027201964394,0.9901027201964394,0.9907133934596711,0.9907133934596711,0.9907133934596711,,0.9901027201964394,0.9907133934596711,24,0.013525780000000001,0.0,0.0,0.013525780000000001,0.43114583999999995,0.9956885416,0.9958237994,0.9956885416,2574,5075,7649,2574,5075,2574,5075,0,0,0,0,1,1,0,0,,-0.0006106732632317202,0.0,-0.0006163975043268443,0.0,,-0.0006106732632317202,,,,,,,,,,,,False,False,[],False,0,1,z-ai/glm-5,1.0,14.1993989944458,"{""combined_score"": 0.9901027201964394, ""eval_time"": 6.945141792297363, ""sum_radii"": 2.6089206677176175, ""target_ratio"": 0.9901027201964394, ""validity"": 1.0}","[{""input_tokens"": 2574, ""meta"": {}, ""model_name"": ""z-ai/glm-5"", ""output_tokens"": 5075, ""raw_cost"": 0.013525780000000001, ""role"": ""generation"", ""total_tokens"": 7649}]",,,,[5075],[0.013525780000000001],[2574],"[""z-ai/glm-5""]",[5075],[2574],"[""generation""]",[7649],,5075,2574,0,0,0,0
27,iteration,evox,circle_packing,evaluator,,,sum_radii,2.620267848471423,2.620267848471423,27,0.9944090506532915,0.9944090506532915,27,0.9944090506532915,0.9944090506532915,0.9907133934596711,0.9944090506532915,0.9944090506532915,,0.9944090506532915,0.9944090506532915,27,0.0205103,0.0,0.0,0.0205103,0.45165613999999993,0.9954834386,0.9956885416,0.9954834386,3260,7897,11157,3260,7897,3260,7897,0,0,0,0,1,1,0,0,,0.0036956571936204163,0.0036956571936204163,0.003730299012830349,0.003730299012830349,,0.0036956571936204163,,,,,,,,,,,,False,False,[],False,0,1,z-ai/glm-5,1.0,44.153711795806885,"{""combined_score"": 0.9944090506532915, ""eval_time"": 21.58906364440918, ""sum_radii"": 2.620267848471423, ""target_ratio"": 0.9944090506532915, ""validity"": 1.0}","[{""input_tokens"": 3260, ""meta"": {}, ""model_name"": ""z-ai/glm-5"", ""output_tokens"": 7897, ""raw_cost"": 0.0205103, ""role"": ""generation"", ""total_tokens"": 11157}]",,,,[7897],[0.0205103],[3260],"[""z-ai/glm-5""]",[7897],[3260],"[""generation""]",[11157],,7897,3260,0,0,0,0
28,iteration,evox,circle_packing,evaluator,,,sum_radii,1.5065920106813955,2.620267848471423,27,0.5717616738828826,0.9944090506532915,27,0.5717616738828826,0.5717616738828826,0.9944090506532915,0.9944090506532915,0.9944090506532915,,0.5717616738828826,0.9944090506532915,27,0.01590704,0.0,0.00501626,0.0209233,0.4725794399999999,0.9952742056,0.9954834386,0.9952742056,8325,6491,14816,8325,6491,4447,5524,0,0,3878,967,2,1,0,1,,-0.422647376770409,0.0,-0.425023662538816,0.0,,-0.422647376770409,,,,,,,,,,,,True,True,"[""evox_search_algorithm_generation""]",False,0,1,z-ai/glm-5,1.0,241.67160511016846,"{""combined_score"": 0.5717616738828826, ""eval_time"": 121.4414336681366, ""sum_radii"": 1.5065920106813955, ""target_ratio"": 0.5717616738828826, ""validity"": 1.0}","[{""input_tokens"": 4447, ""meta"": {}, ""model_name"": ""z-ai/glm-5"", ""output_tokens"": 5524, ""raw_cost"": 0.01590704, ""role"": ""generation"", ""total_tokens"": 9971}, {""input_tokens"": 3878, ""meta"": {""inner_search_iteration"": 2, ""original_role"": ""generation"", ""source"": ""evox_search_algorithm_generation""}, ""model_name"": ""z-ai/glm-5"", ""output_tokens"": 967, ""raw_cost"": 0.00501626, ""role"": ""guide"", ""total_tokens"": 4845}]",,,,"[5524, 967]","[0.01590704, 0.00501626]","[4447, 3878]","[""z-ai/glm-5"", ""z-ai/glm-5""]","[5524, 967]","[4447, 3878]","[""generation"", ""guide""]","[9971, 4845]",,5524,4447,967,3878,0,0
29,iteration,evox,circle_packing,evaluator,,,sum_radii,2.5747980710649916,2.620267848471423,27,0.977152968146107,0.9944090506532915,27,0.977152968146107,0.977152968146107,0.9944090506532915,0.9944090506532915,0.9944090506532915,,0.977152968146107,0.9944090506532915,27,0.028078739999999998,0.010267459999999999,0.0,0.0383462,0.51092564,0.9948907436,0.9952742056,0.9948907436,5540,14938,20478,5540,14938,2572,11403,2968,3535,0,0,2,1,1,0,,-0.017256082507184578,0.0,-0.01735310282609349,0.0,,-0.017256082507184578,,,,,,,,,,,,False,False,[],False,0,2,z-ai/glm-5,1.0,7.258777618408203,"{""combined_score"": 0.977152968146107, ""eval_time"": 3.7198143005371094, ""sum_radii"": 2.5747980710649916, ""target_ratio"": 0.977152968146107, ""validity"": 1.0}","[{""input_tokens"": 2572, ""meta"": {}, ""model_name"": ""z-ai/glm-5"", ""output_tokens"": 11403, ""raw_cost"": 0.028078739999999998, ""role"": ""generation"", ""total_tokens"": 13975}, {""input_tokens"": 2968, ""meta"": {}, ""model_name"": ""z-ai/glm-5"", ""output_tokens"": 3535, ""raw_cost"": 0.010267459999999999, ""role"": ""retry"", ""total_tokens"": 6503}]",,,,"[11403, 3535]","[0.028078739999999998, 0.010267459999999999]","[2572, 2968]","[""z-ai/glm-5"", ""z-ai/glm-5""]","[11403, 3535]","[2572, 2968]","[""generation"", ""retry""]","[13975, 6503]",,11403,2572,0,0,3535,2968
31,iteration,evox,circle_packing,evaluator,,,sum_radii,2.5519991113350624,2.620267848471423,27,0.9685006115123578,0.9944090506532915,27,0.9685006115123578,0.9685006115123578,0.9944090506532915,0.9944090506532915,0.9944090506532915,,0.9685006115123578,0.9944090506532915,27,0.00833124,0.00866556,0.0,0.0169968,0.52792244,0.9947207756,0.9948907436,0.9947207756,5705,5604,11309,5705,5604,2582,2814,3123,2790,0,0,2,1,1,0,,-0.02590843914093377,0.0,-0.02605410632969686,0.0,,-0.02590843914093377,,,,,,,,,,,,False,False,[],False,0,2,z-ai/glm-5,1.0,159.19274711608887,"{""combined_score"": 0.9685006115123578, ""eval_time"": 69.4781141281128, ""sum_radii"": 2.5519991113350624, ""target_ratio"": 0.9685006115123578, ""validity"": 1.0}","[{""input_tokens"": 2582, ""meta"": {}, ""model_name"": ""z-ai/glm-5"", ""output_tokens"": 2814, ""raw_cost"": 0.00833124, ""role"": ""generation"", ""total_tokens"": 5396}, {""input_tokens"": 3123, ""meta"": {}, ""model_name"": ""z-ai/glm-5"", ""output_tokens"": 2790, ""raw_cost"": 0.00866556, ""role"": ""retry"", ""total_tokens"": 5913}]",,,,"[2814, 2790]","[0.00833124, 0.00866556]","[2582, 3123]","[""z-ai/glm-5"", ""z-ai/glm-5""]","[2814, 2790]","[2582, 3123]","[""generation"", ""retry""]","[5396, 5913]",,2814,2582,0,0,2790,3123
33,iteration,evox,circle_packing,evaluator,,,sum_radii,2.604943532471934,2.620267848471423,27,0.9885933709570909,0.9944090506532915,27,0.9885933709570909,0.9885933709570909,0.9944090506532915,0.9944090506532915,0.9944090506532915,,0.9885933709570909,0.9944090506532915,27,0.01315222,0.0106904,0.0,0.02384262,0.55176506,0.9944823494,0.9947207756,0.9944823494,6406,8361,14767,6406,8361,3186,4721,3220,3640,0,0,2,1,1,0,,-0.005815679696200671,0.0,-0.005848377679567553,0.0,,-0.005815679696200671,,,,,,,,,,,,False,False,[],False,0,2,z-ai/glm-5,1.0,39.75122046470642,"{""combined_score"": 0.9885933709570909, ""eval_time"": 18.594974517822266, ""sum_radii"": 2.604943532471934, ""target_ratio"": 0.9885933709570909, ""validity"": 1.0}","[{""input_tokens"": 3186, ""meta"": {}, ""model_name"": ""z-ai/glm-5"", ""output_tokens"": 4721, ""raw_cost"": 0.01315222, ""role"": ""generation"", ""total_tokens"": 7907}, {""input_tokens"": 3220, ""meta"": {}, ""model_name"": ""z-ai/glm-5"", ""output_tokens"": 3640, ""raw_cost"": 0.0106904, ""role"": ""retry"", ""total_tokens"": 6860}]",,,,"[4721, 3640]","[0.01315222, 0.0106904]","[3186, 3220]","[""z-ai/glm-5"", ""z-ai/glm-5""]","[4721, 3640]","[3186, 3220]","[""generation"", ""retry""]","[7907, 6860]",,4721,3186,0,0,3640,3220
35,iteration,evox,circle_packing,evaluator,,,sum_radii,1.9537242750592243,2.620267848471423,27,0.7414513377833869,0.9944090506532915,27,0.7414513377833869,0.7414513377833869,0.9944090506532915,0.9944090506532915,0.9944090506532915,,0.7414513377833869,0.9944090506532915,27,0.007823219999999999,0.0,0.0,0.007823219999999999,0.55958828,0.9944041172,0.9944823494,0.9944041172,2576,2595,5171,2576,2595,2576,2595,0,0,0,0,1,1,0,0,,-0.25295771286990465,0.0,-0.2543799382193076,0.0,,-0.25295771286990465,,,,,,,,,,,,False,False,[],False,0,1,z-ai/glm-5,1.0,8.447956085205078,"{""combined_score"": 0.7414513377833869, ""eval_time"": 4.171659469604492, ""sum_radii"": 1.9537242750592243, ""target_ratio"": 0.7414513377833869, ""validity"": 1.0}","[{""input_tokens"": 2576, ""meta"": {}, ""model_name"": ""z-ai/glm-5"", ""output_tokens"": 2595, ""raw_cost"": 0.007823219999999999, ""role"": ""generation"", ""total_tokens"": 5171}]",,,,[2595],[0.007823219999999999],[2576],"[""z-ai/glm-5""]",[2595],[2576],"[""generation""]",[5171],,2595,2576,0,0,0,0
36,iteration,evox,circle_packing,evaluator,,,,,2.620267848471423,27,,0.9944090506532915,27,,,0.9944090506532915,0.9944090506532915,0.9944090506532915,,,0.9944090506532915,27,0.011218859999999999,0.028924039999999998,0.0,0.040142899999999995,0.59973118,0.9940026882,0.9944041172,0.9940026882,10920,14035,24955,10920,14035,3248,3861,7672,10174,0,0,3,1,2,0,,,,,,,,,,,,,,,,,,,False,False,[],False,0,3,z-ai/glm-5,,360.1032211780548,"{""error"": 0.0, ""timeout"": true}","[{""input_tokens"": 3248, ""meta"": {}, ""model_name"": ""z-ai/glm-5"", ""output_tokens"": 3861, ""raw_cost"": 0.011218859999999999, ""role"": ""generation"", ""total_tokens"": 7109}, {""input_tokens"": 3637, ""meta"": {}, ""model_name"": ""z-ai/glm-5"", ""output_tokens"": 5093, ""raw_cost"": 0.01433254, ""role"": ""retry"", ""total_tokens"": 8730}, {""input_tokens"": 4035, ""meta"": {}, ""model_name"": ""z-ai/glm-5"", ""output_tokens"": 5081, ""raw_cost"": 0.0145915, ""role"": ""retry"", ""total_tokens"": 9116}]",,,,"[3861, 5093, 5081]","[0.011218859999999999, 0.01433254, 0.0145915]","[3248, 3637, 4035]","[""z-ai/glm-5"", ""z-ai/glm-5"", ""z-ai/glm-5""]","[3861, 5093, 5081]","[3248, 3637, 4035]","[""generation"", ""retry"", ""retry""]","[7109, 8730, 9116]",,3861,3248,0,0,10174,7672
39,iteration,evox,circle_packing,evaluator,,,,,2.620267848471423,27,,0.9944090506532915,27,,,0.9944090506532915,0.9944090506532915,0.9944090506532915,,,0.9944090506532915,27,0.021511539999999996,0.04012154,0.0,0.06163307999999999,0.66136426,0.9933863574,0.9940026882,0.9933863574,9069,23958,33027,9069,23958,2587,8543,6482,15415,0,0,3,1,2,0,,,,,,,,,,,,,,,,,,,False,False,[],False,0,3,z-ai/glm-5,,0.0,{},"[{""input_tokens"": 2587, ""meta"": {}, ""model_name"": ""z-ai/glm-5"", ""output_tokens"": 8543, ""raw_cost"": 0.021511539999999996, ""role"": ""generation"", ""total_tokens"": 11130}, {""input_tokens"": 3003, ""meta"": {}, ""model_name"": ""z-ai/glm-5"", ""output_tokens"": 10597, ""raw_cost"": 0.026535259999999998, ""role"": ""retry"", ""total_tokens"": 13600}, {""input_tokens"": 3479, ""meta"": {}, ""model_name"": ""z-ai/glm-5"", ""output_tokens"": 4818, ""raw_cost"": 0.01358628, ""role"": ""retry"", ""total_tokens"": 8297}]",,,,"[8543, 10597, 4818]","[0.021511539999999996, 0.026535259999999998, 0.01358628]","[2587, 3003, 3479]","[""z-ai/glm-5"", ""z-ai/glm-5"", ""z-ai/glm-5""]","[8543, 10597, 4818]","[2587, 3003, 3479]","[""generation"", ""retry"", ""retry""]","[11130, 13600, 8297]",,8543,2587,0,0,15415,6482
42,iteration,evox,circle_packing,evaluator,,,sum_radii,2.5910449550552177,2.620267848471423,27,0.9833187685219044,0.9944090506532915,27,0.9833187685219044,0.9833187685219044,0.9944090506532915,0.9944090506532915,0.9944090506532915,,0.9833187685219044,0.9944090506532915,27,0.021115759999999997,0.0,0.0,0.021115759999999997,0.6824800200000001,0.9931751998,0.9933863574,0.9931751998,3248,8164,11412,3248,8164,3248,8164,0,0,0,0,1,1,0,0,,-0.011090282131387186,0.0,-0.011152635954088776,0.0,,-0.011090282131387186,,,,,,,,,,,,False,False,[],False,0,1,z-ai/glm-5,1.0,119.76114273071289,"{""combined_score"": 0.9833187685219044, ""eval_time"": 59.69428992271423, ""sum_radii"": 2.5910449550552177, ""target_ratio"": 0.9833187685219044, ""validity"": 1.0}","[{""input_tokens"": 3248, ""meta"": {}, ""model_name"": ""z-ai/glm-5"", ""output_tokens"": 8164, ""raw_cost"": 0.021115759999999997, ""role"": ""generation"", ""total_tokens"": 11412}]",,,,[8164],[0.021115759999999997],[3248],"[""z-ai/glm-5""]",[8164],[3248],"[""generation""]",[11412],,8164,3248,0,0,0,0
43,iteration,evox,circle_packing,evaluator,,,sum_radii,2.6139484712312306,2.620267848471423,27,0.99201080502134,0.9944090506532915,27,0.99201080502134,0.99201080502134,0.9944090506532915,0.9944090506532915,0.9944090506532915,,0.99201080502134,0.9944090506532915,27,0.030508499999999997,0.020523379999999997,0.0,0.051031879999999995,0.7335119000000001,0.992664881,0.9931751998,0.992664881,5794,20374,26168,5794,20374,2880,12363,2914,8011,0,0,2,1,1,0,,-0.0023982456319515677,0.0,-0.002411729489364568,0.0,,-0.0023982456319515677,,,,,,,,,,,,False,False,[],False,0,2,z-ai/glm-5,1.0,2.870122194290161,"{""combined_score"": 0.99201080502134, ""eval_time"": 1.341137409210205, ""sum_radii"": 2.6139484712312306, ""target_ratio"": 0.99201080502134, ""validity"": 1.0}","[{""input_tokens"": 2880, ""meta"": {}, ""model_name"": ""z-ai/glm-5"", ""output_tokens"": 12363, ""raw_cost"": 0.030508499999999997, ""role"": ""generation"", ""total_tokens"": 15243}, {""input_tokens"": 2914, ""meta"": {}, ""model_name"": ""z-ai/glm-5"", ""output_tokens"": 8011, ""raw_cost"": 0.020523379999999997, ""role"": ""retry"", ""total_tokens"": 10925}]",,,,"[12363, 8011]","[0.030508499999999997, 0.020523379999999997]","[2880, 2914]","[""z-ai/glm-5"", ""z-ai/glm-5""]","[12363, 8011]","[2880, 2914]","[""generation"", ""retry""]","[15243, 10925]",,12363,2880,0,0,8011,2914
45,iteration,evox,circle_packing,evaluator,,,sum_radii,2.606565613053629,2.620267848471423,27,0.9892089613106753,0.9944090506532915,27,0.9892089613106753,0.9892089613106753,0.9944090506532915,0.9944090506532915,0.9944090506532915,,0.9892089613106753,0.9944090506532915,27,0.029097319999999996,0.0,0.0,0.029097319999999996,0.7626092200000001,0.9923739078,0.992664881,0.9923739078,2546,11854,14400,2546,11854,2546,11854,0,0,0,0,1,1,0,0,,-0.0052000893426162875,0.0,-0.00522932624074571,0.0,,-0.0052000893426162875,,,,,,,,,,,,False,False,[],False,0,1,z-ai/glm-5,1.0,174.66177821159363,"{""combined_score"": 0.9892089613106753, ""eval_time"": 86.16553521156311, ""sum_radii"": 2.606565613053629, ""target_ratio"": 0.9892089613106753, ""validity"": 1.0}","[{""input_tokens"": 2546, ""meta"": {}, ""model_name"": ""z-ai/glm-5"", ""output_tokens"": 11854, ""raw_cost"": 0.029097319999999996, ""role"": ""generation"", ""total_tokens"": 14400}]",,,,[11854],[0.029097319999999996],[2546],"[""z-ai/glm-5""]",[11854],[2546],"[""generation""]",[14400],,11854,2546,0,0,0,0
46,iteration,evox,circle_packing,evaluator,,,sum_radii,1.3469539046250896,2.620267848471423,27,0.5111779524193889,0.9944090506532915,27,0.5111779524193889,0.5111779524193889,0.9944090506532915,0.9944090506532915,0.9944090506532915,,0.5111779524193889,0.9944090506532915,27,0.00801092,0.0,0.00670908,0.01472,0.77732922,0.9922267078,0.9923739078,0.9922267078,6555,4348,10903,6555,4348,2546,2686,0,0,4009,1662,2,1,0,1,,-0.48323109823390265,0.0,-0.48594800893700324,0.0,,-0.48323109823390265,,,,,,,,,,,,True,True,"[""evox_search_algorithm_generation""]",False,0,1,z-ai/glm-5,1.0,13.456482172012329,"{""combined_score"": 0.5111779524193889, ""eval_time"": 7.337323188781738, ""sum_radii"": 1.3469539046250896, ""target_ratio"": 0.5111779524193889, ""validity"": 1.0}","[{""input_tokens"": 2546, ""meta"": {}, ""model_name"": ""z-ai/glm-5"", ""output_tokens"": 2686, ""raw_cost"": 0.00801092, ""role"": ""generation"", ""total_tokens"": 5232}, {""input_tokens"": 4009, ""meta"": {""inner_search_iteration"": 3, ""original_role"": ""generation"", ""source"": ""evox_search_algorithm_generation""}, ""model_name"": ""z-ai/glm-5"", ""output_tokens"": 1662, ""raw_cost"": 0.00670908, ""role"": ""guide"", ""total_tokens"": 5671}]",,,,"[2686, 1662]","[0.00801092, 0.00670908]","[2546, 4009]","[""z-ai/glm-5"", ""z-ai/glm-5""]","[2686, 1662]","[2546, 4009]","[""generation"", ""guide""]","[5232, 5671]",,2686,2546,1662,4009,0,0
47,iteration,evox,circle_packing,evaluator,,,sum_radii,2.6086313962665955,2.620267848471423,27,0.9899929397596189,0.9944090506532915,27,0.9899929397596189,0.9899929397596189,0.9944090506532915,0.9944090506532915,0.9944090506532915,,0.9899929397596189,0.9944090506532915,27,0.04088,0.07334426,0.0,0.11422426,0.89155348,0.9910844652,0.9922267078,0.9910844652,13403,45467,58870,13403,45467,4440,16384,8963,29083,0,0,3,1,2,0,,-0.0044161108936726645,0.0,-0.004440939964063517,0.0,,-0.0044161108936726645,,,,,,,,,,,,False,False,[],False,0,3,z-ai/glm-5,1.0,8.033691883087158,"{""combined_score"": 0.9899929397596189, ""eval_time"": 3.687382936477661, ""sum_radii"": 2.6086313962665955, ""target_ratio"": 0.9899929397596189, ""validity"": 1.0}","[{""input_tokens"": 4440, ""meta"": {}, ""model_name"": ""z-ai/glm-5"", ""output_tokens"": 16384, ""raw_cost"": 0.04088, ""role"": ""generation"", ""total_tokens"": 20824}, {""input_tokens"": 4474, ""meta"": {}, ""model_name"": ""z-ai/glm-5"", ""output_tokens"": 16384, ""raw_cost"": 0.04090447999999999, ""role"": ""retry"", ""total_tokens"": 20858}, {""input_tokens"": 4489, ""meta"": {}, ""model_name"": ""z-ai/glm-5"", ""output_tokens"": 12699, ""raw_cost"": 0.03243978, ""role"": ""retry"", ""total_tokens"": 17188}]",,,,"[16384, 16384, 12699]","[0.04088, 0.04090447999999999, 0.03243978]","[4440, 4474, 4489]","[""z-ai/glm-5"", ""z-ai/glm-5"", ""z-ai/glm-5""]","[16384, 16384, 12699]","[4440, 4474, 4489]","[""generation"", ""retry"", ""retry""]","[20824, 20858, 17188]",,16384,4440,0,0,29083,8963
50,iteration,evox,circle_packing,evaluator,,,,,2.620267848471423,27,,0.9944090506532915,27,,,0.9944090506532915,0.9944090506532915,0.9944090506532915,,,0.9944090506532915,27,0.036920159999999994,0.06614908,0.0,0.10306923999999999,0.99462272,0.9900537728,0.9910844652,0.9900537728,19712,38642,58354,19712,38642,6543,14004,13169,24638,0,0,3,1,2,0,,,,,,,,,,,,,,,,,,,False,False,[],False,0,3,z-ai/glm-5,,360.0986680984497,"{""error"": 0.0, ""timeout"": true}","[{""input_tokens"": 6543, ""meta"": {}, ""model_name"": ""z-ai/glm-5"", ""output_tokens"": 14004, ""raw_cost"": 0.036920159999999994, ""role"": ""generation"", ""total_tokens"": 20547}, {""input_tokens"": 6577, ""meta"": {}, ""model_name"": ""z-ai/glm-5"", ""output_tokens"": 14730, ""raw_cost"": 0.03861444, ""role"": ""retry"", ""total_tokens"": 21307}, {""input_tokens"": 6592, ""meta"": {}, ""model_name"": ""z-ai/glm-5"", ""output_tokens"": 9908, ""raw_cost"": 0.02753464, ""role"": ""retry"", ""total_tokens"": 16500}]",,,,"[14004, 14730, 9908]","[0.036920159999999994, 0.03861444, 0.02753464]","[6543, 6577, 6592]","[""z-ai/glm-5"", ""z-ai/glm-5"", ""z-ai/glm-5""]","[14004, 14730, 9908]","[6543, 6577, 6592]","[""generation"", ""retry"", ""retry""]","[20547, 21307, 16500]",,14004,6543,0,0,24638,13169
53,iteration,evox,circle_packing,evaluator,,,sum_radii,1.228740668836785,2.620267848471423,27,0.4663152443403359,0.9944090506532915,27,0.4663152443403359,0.4663152443403359,0.9944090506532915,0.9944090506532915,0.9944090506532915,,0.4663152443403359,0.9944090506532915,27,0.04088,0.017163879999999996,0.0,0.05804387999999999,1.0526666,0.989473334,0.9900537728,0.989473334,8914,22446,31360,8914,22446,4440,16384,4474,6062,0,0,2,1,1,0,,-0.5280938063129557,0.0,-0.5310629523796235,0.0,,-0.5280938063129557,,,,,,,,,,,,False,False,[],False,0,2,z-ai/glm-5,1.0,497.31078267097473,"{""combined_score"": 0.4663152443403359, ""eval_time"": 248.57479429244995, ""sum_radii"": 1.228740668836785, ""target_ratio"": 0.4663152443403359, ""validity"": 1.0}","[{""input_tokens"": 4440, ""meta"": {}, ""model_name"": ""z-ai/glm-5"", ""output_tokens"": 16384, ""raw_cost"": 0.04088, ""role"": ""generation"", ""total_tokens"": 20824}, {""input_tokens"": 4474, ""meta"": {}, ""model_name"": ""z-ai/glm-5"", ""output_tokens"": 6062, ""raw_cost"": 0.017163879999999996, ""role"": ""retry"", ""total_tokens"": 10536}]",,,,"[16384, 6062]","[0.04088, 0.017163879999999996]","[4440, 4474]","[""z-ai/glm-5"", ""z-ai/glm-5""]","[16384, 6062]","[4440, 4474]","[""generation"", ""retry""]","[20824, 10536]",,16384,4440,0,0,6062,4474
55,iteration,evox,circle_packing,evaluator,,,,,2.620267848471423,27,,0.9944090506532915,27,,,0.9944090506532915,0.9944090506532915,0.9944090506532915,,,0.9944090506532915,27,0.013793199999999999,0.03904252,0.0,0.052835719999999996,1.10550232,0.9889449768,0.989473334,0.9889449768,13781,18658,32439,13781,18658,4450,4604,9331,14054,0,0,3,1,2,0,,,,,,,,,,,,,,,,,,,False,False,[],False,0,3,z-ai/glm-5,,360.10220193862915,"{""error"": 0.0, ""timeout"": true}","[{""input_tokens"": 4450, ""meta"": {}, ""model_name"": ""z-ai/glm-5"", ""output_tokens"": 4604, ""raw_cost"": 0.013793199999999999, ""role"": ""generation"", ""total_tokens"": 9054}, {""input_tokens"": 4484, ""meta"": {}, ""model_name"": ""z-ai/glm-5"", ""output_tokens"": 6931, ""raw_cost"": 0.019169779999999997, ""role"": ""retry"", ""total_tokens"": 11415}, {""input_tokens"": 4847, ""meta"": {}, ""model_name"": ""z-ai/glm-5"", ""output_tokens"": 7123, ""raw_cost"": 0.019872739999999996, ""role"": ""retry"", ""total_tokens"": 11970}]",,,,"[4604, 6931, 7123]","[0.013793199999999999, 0.019169779999999997, 0.019872739999999996]","[4450, 4484, 4847]","[""z-ai/glm-5"", ""z-ai/glm-5"", ""z-ai/glm-5""]","[4604, 6931, 7123]","[4450, 4484, 4847]","[""generation"", ""retry"", ""retry""]","[9054, 11415, 11970]",,4604,4450,0,0,14054,9331
58,iteration,evox,circle_packing,evaluator,,,sum_radii,1.021186027160843,2.620267848471423,27,0.3875468793779291,0.9944090506532915,27,0.3875468793779291,0.3875468793779291,0.9944090506532915,0.9944090506532915,0.9944090506532915,,0.3875468793779291,0.9944090506532915,27,0.0359971,0.0,0.0,0.0359971,1.14149942,0.9885850058,0.9889449768,0.9885850058,4440,14261,18701,4440,14261,4440,14261,0,0,0,0,1,1,0,0,,-0.6068621712753625,0.0,-0.6102741833219192,0.0,,-0.6068621712753625,,,,,,,,,,,,False,False,[],False,0,1,z-ai/glm-5,1.0,116.58557486534119,"{""combined_score"": 0.3875468793779291, ""eval_time"": 60.70824384689331, ""sum_radii"": 1.021186027160843, ""target_ratio"": 0.3875468793779291, ""validity"": 1.0}","[{""input_tokens"": 4440, ""meta"": {}, ""model_name"": ""z-ai/glm-5"", ""output_tokens"": 14261, ""raw_cost"": 0.0359971, ""role"": ""generation"", ""total_tokens"": 18701}]",,,,[14261],[0.0359971],[4440],"[""z-ai/glm-5""]",[14261],[4440],"[""generation""]",[18701],,14261,4440,0,0,0,0
59,iteration,evox,circle_packing,evaluator,,,combined_score,0.0,2.620267848471423,27,0.0,0.9944090506532915,27,0.0,0.0,0.9944090506532915,0.9944090506532915,0.9944090506532915,,,0.9944090506532915,27,0.039698479999999994,0.017701719999999997,0.0,0.05740019999999999,1.19889962,0.9880110038,0.9885850058,0.9880110038,8480,22302,30782,8480,22302,2799,16384,5681,5918,0,0,3,1,2,0,,-0.9944090506532915,0.0,-1.0,0.0,,-0.9944090506532915,,,,,,,,,,,,False,False,[],False,0,3,z-ai/glm-5,0.0,172.37537217140198,"{""combined_score"": 0.0, ""error"": ""Program execution failed: index 78 is out of bounds for axis 0 with size 78"", ""validity"": 0.0}","[{""input_tokens"": 2799, ""meta"": {}, ""model_name"": ""z-ai/glm-5"", ""output_tokens"": 16384, ""raw_cost"": 0.039698479999999994, ""role"": ""generation"", ""total_tokens"": 19183}, {""input_tokens"": 2833, ""meta"": {}, ""model_name"": ""z-ai/glm-5"", ""output_tokens"": 2099, ""raw_cost"": 0.00686746, ""role"": ""retry"", ""total_tokens"": 4932}, {""input_tokens"": 2848, ""meta"": {}, ""model_name"": ""z-ai/glm-5"", ""output_tokens"": 3819, ""raw_cost"": 0.010834259999999998, ""role"": ""retry"", ""total_tokens"": 6667}]",,,,"[16384, 2099, 3819]","[0.039698479999999994, 0.00686746, 0.010834259999999998]","[2799, 2833, 2848]","[""z-ai/glm-5"", ""z-ai/glm-5"", ""z-ai/glm-5""]","[16384, 2099, 3819]","[2799, 2833, 2848]","[""generation"", ""retry"", ""retry""]","[19183, 4932, 6667]",,16384,2799,0,0,5918,5681
62,iteration,evox,circle_packing,evaluator,,,sum_radii,2.6092963917179026,2.620267848471423,27,0.9902453099498683,0.9944090506532915,27,0.9902453099498683,0.9902453099498683,0.9944090506532915,0.9944090506532915,0.9944090506532915,,0.9902453099498683,0.9944090506532915,27,0.01165834,0.01033608,0.0,0.02199442,1.22089404,0.9877910596,0.9880110038,0.9877910596,6516,7523,14039,6516,7523,3047,4115,3469,3408,0,0,2,1,1,0,,-0.004163740703423291,0.0,-0.00418715085174241,0.0,,-0.004163740703423291,,,,,,,,,,,,False,False,[],False,0,2,z-ai/glm-5,1.0,323.9989573955536,"{""combined_score"": 0.9902453099498683, ""eval_time"": 156.31087970733643, ""sum_radii"": 2.6092963917179026, ""target_ratio"": 0.9902453099498683, ""validity"": 1.0}","[{""input_tokens"": 3047, ""meta"": {}, ""model_name"": ""z-ai/glm-5"", ""output_tokens"": 4115, ""raw_cost"": 0.01165834, ""role"": ""generation"", ""total_tokens"": 7162}, {""input_tokens"": 3469, ""meta"": {}, ""model_name"": ""z-ai/glm-5"", ""output_tokens"": 3408, ""raw_cost"": 0.01033608, ""role"": ""retry"", ""total_tokens"": 6877}]",,,,"[4115, 3408]","[0.01165834, 0.01033608]","[3047, 3469]","[""z-ai/glm-5"", ""z-ai/glm-5""]","[4115, 3408]","[3047, 3469]","[""generation"", ""retry""]","[7162, 6877]",,4115,3047,0,0,3408,3469
64,iteration,evox,circle_packing,evaluator,,,sum_radii,2.58999599965272,2.620267848471423,27,0.9829206829801596,0.9944090506532915,27,0.9829206829801596,0.9829206829801596,0.9944090506532915,0.9944090506532915,0.9944090506532915,,0.9829206829801596,0.9944090506532915,27,0.030164699999999996,0.0,0.0,0.030164699999999996,1.25105874,0.9874894126,0.9877910596,0.9874894126,2805,12237,15042,2805,12237,2805,12237,0,0,0,0,1,1,0,0,,-0.011488367673131994,0.0,-0.011552959685538404,0.0,,-0.011488367673131994,,,,,,,,,,,,False,False,[],False,0,1,z-ai/glm-5,1.0,273.58876752853394,"{""combined_score"": 0.9829206829801596, ""eval_time"": 87.25828099250793, ""sum_radii"": 2.58999599965272, ""target_ratio"": 0.9829206829801596, ""validity"": 1.0}","[{""input_tokens"": 2805, ""meta"": {}, ""model_name"": ""z-ai/glm-5"", ""output_tokens"": 12237, ""raw_cost"": 0.030164699999999996, ""role"": ""generation"", ""total_tokens"": 15042}]",,,,[12237],[0.030164699999999996],[2805],"[""z-ai/glm-5""]",[12237],[2805],"[""generation""]",[15042],,12237,2805,0,0,0,0
65,iteration,evox,circle_packing,evaluator,,,sum_radii,2.625894569545598,2.625894569545598,65,0.9965444286700562,0.9965444286700562,65,0.9965444286700562,0.9965444286700562,0.9944090506532915,0.9965444286700562,0.9965444286700562,,0.9965444286700562,0.9965444286700562,65,0.03001936,0.0,0.0,0.03001936,1.2810781,0.987189219,0.9874894126,0.987189219,2683,12212,14895,2683,12212,2683,12212,0,0,0,0,1,1,0,0,,0.0021353780167646663,0.0021353780167646663,0.00214738393155392,0.00214738393155392,,0.0021353780167646663,,,,,,,,,,,,False,False,[],False,0,1,z-ai/glm-5,1.0,7.856825351715088,"{""combined_score"": 0.9965444286700562, ""eval_time"": 5.199443817138672, ""sum_radii"": 2.625894569545598, ""target_ratio"": 0.9965444286700562, ""validity"": 1.0}","[{""input_tokens"": 2683, ""meta"": {}, ""model_name"": ""z-ai/glm-5"", ""output_tokens"": 12212, ""raw_cost"": 0.03001936, ""role"": ""generation"", ""total_tokens"": 14895}]",,,,[12212],[0.03001936],[2683],"[""z-ai/glm-5""]",[12212],[2683],"[""generation""]",[14895],,12212,2683,0,0,0,0
66,iteration,evox,circle_packing,evaluator,,,sum_radii,2.601949583489176,2.625894569545598,65,0.9874571474342224,0.9965444286700562,65,0.9874571474342224,0.9874571474342224,0.9965444286700562,0.9965444286700562,0.9965444286700562,,0.9874571474342224,0.9965444286700562,65,0.04238624,0.042494580000000004,0.02849026,0.11337108,1.39444918,0.9860555082,0.987189219,0.9860555082,24194,41718,65912,24194,41718,6532,16384,13509,14247,4153,11087,4,1,2,1,,-0.0090872812358338,0.0,-0.009118791871588986,0.0,,-0.0090872812358338,,,,,,,,,,,,True,True,"[""evox_search_algorithm_generation""]",False,0,3,z-ai/glm-5,1.0,160.5316550731659,"{""combined_score"": 0.9874571474342224, ""eval_time"": 76.26955008506775, ""sum_radii"": 2.601949583489176, ""target_ratio"": 0.9874571474342224, ""validity"": 1.0}","[{""input_tokens"": 6532, ""meta"": {}, ""model_name"": ""z-ai/glm-5"", ""output_tokens"": 16384, ""raw_cost"": 0.04238624, ""role"": ""generation"", ""total_tokens"": 22916}, {""input_tokens"": 6566, ""meta"": {}, ""model_name"": ""z-ai/glm-5"", ""output_tokens"": 7980, ""raw_cost"": 0.02308152, ""role"": ""retry"", ""total_tokens"": 14546}, {""input_tokens"": 6943, ""meta"": {}, ""model_name"": ""z-ai/glm-5"", ""output_tokens"": 6267, ""raw_cost"": 0.01941306, ""role"": ""retry"", ""total_tokens"": 13210}, {""input_tokens"": 4153, ""meta"": {""inner_search_iteration"": 4, ""original_role"": ""generation"", ""source"": ""evox_search_algorithm_generation""}, ""model_name"": ""z-ai/glm-5"", ""output_tokens"": 11087, ""raw_cost"": 0.02849026, ""role"": ""guide"", ""total_tokens"": 15240}]",,,,"[16384, 7980, 6267, 11087]","[0.04238624, 0.02308152, 0.01941306, 0.02849026]","[6532, 6566, 6943, 4153]","[""z-ai/glm-5"", ""z-ai/glm-5"", ""z-ai/glm-5"", ""z-ai/glm-5""]","[16384, 7980, 6267, 11087]","[6532, 6566, 6943, 4153]","[""generation"", ""retry"", ""retry"", ""guide""]","[22916, 14546, 13210, 15240]",,16384,6532,11087,4153,14247,13509
69,iteration,evox,circle_packing,evaluator,,,sum_radii,2.62693018166344,2.62693018166344,69,0.9969374503466566,0.9969374503466566,69,0.9969374503466566,0.9969374503466566,0.9965444286700562,0.9969374503466566,0.9969374503466566,,0.9969374503466566,0.9969374503466566,69,0.01270872,0.00892924,0.0,0.021637959999999998,1.4160871400000001,0.9858391286,0.9860555082,0.9858391286,5858,7574,13432,5858,7574,2701,4680,3157,2894,0,0,2,1,1,0,,0.00039302167660038023,0.00039302167660038023,0.00039438450037284283,0.00039438450037284283,,0.00039302167660038023,,,,,,,,,,,,False,False,[],False,0,2,z-ai/glm-5,1.0,18.83385968208313,"{""combined_score"": 0.9969374503466566, ""eval_time"": 10.018482446670532, ""sum_radii"": 2.62693018166344, ""target_ratio"": 0.9969374503466566, ""validity"": 1.0}","[{""input_tokens"": 2701, ""meta"": {}, ""model_name"": ""z-ai/glm-5"", ""output_tokens"": 4680, ""raw_cost"": 0.01270872, ""role"": ""generation"", ""total_tokens"": 7381}, {""input_tokens"": 3157, ""meta"": {}, ""model_name"": ""z-ai/glm-5"", ""output_tokens"": 2894, ""raw_cost"": 0.00892924, ""role"": ""retry"", ""total_tokens"": 6051}]",,,,"[4680, 2894]","[0.01270872, 0.00892924]","[2701, 3157]","[""z-ai/glm-5"", ""z-ai/glm-5""]","[4680, 2894]","[2701, 3157]","[""generation"", ""retry""]","[7381, 6051]",,4680,2701,0,0,2894,3157
71,iteration,evox,circle_packing,evaluator,,,sum_radii,1.2500838466155781,2.62693018166344,69,0.4744151220552479,0.9969374503466566,69,0.4744151220552479,0.4744151220552479,0.9969374503466566,0.9969374503466566,0.9969374503466566,,0.4744151220552479,0.9969374503466566,69,0.032085739999999995,0.0,0.0,0.032085739999999995,1.4481728800000002,0.9855182712,0.9858391286,0.9855182712,2547,13153,15700,2547,13153,2547,13153,0,0,0,0,1,1,0,0,,-0.5225223282914087,0.0,-0.5241274947688207,0.0,,-0.5225223282914087,,,,,,,,,,,,False,False,[],False,0,1,z-ai/glm-5,1.0,99.12741827964783,"{""combined_score"": 0.4744151220552479, ""eval_time"": 49.56063365936279, ""sum_radii"": 1.2500838466155781, ""target_ratio"": 0.4744151220552479, ""validity"": 1.0}","[{""input_tokens"": 2547, ""meta"": {}, ""model_name"": ""z-ai/glm-5"", ""output_tokens"": 13153, ""raw_cost"": 0.032085739999999995, ""role"": ""generation"", ""total_tokens"": 15700}]",,,,[13153],[0.032085739999999995],[2547],"[""z-ai/glm-5""]",[13153],[2547],"[""generation""]",[15700],,13153,2547,0,0,0,0
72,iteration,evox,circle_packing,evaluator,,,sum_radii,2.6184254474943547,2.62693018166344,69,0.9937098472464345,0.9969374503466566,69,0.9937098472464345,0.9937098472464345,0.9969374503466566,0.9969374503466566,0.9969374503466566,,0.9937098472464345,0.9969374503466566,69,0.0193641,0.0,0.0,0.0193641,1.4675369800000002,0.9853246302,0.9855182712,0.9853246302,4345,7059,11404,4345,7059,4345,7059,0,0,0,0,1,1,0,0,,-0.003227603100222076,0.0,-0.003237518160341724,0.0,,-0.003227603100222076,,,,,,,,,,,,False,False,[],False,0,1,z-ai/glm-5,1.0,153.6495714187622,"{""combined_score"": 0.9937098472464345, ""eval_time"": 50.64372277259827, ""sum_radii"": 2.6184254474943547, ""target_ratio"": 0.9937098472464345, ""validity"": 1.0}","[{""input_tokens"": 4345, ""meta"": {}, ""model_name"": ""z-ai/glm-5"", ""output_tokens"": 7059, ""raw_cost"": 0.0193641, ""role"": ""generation"", ""total_tokens"": 11404}]",,,,[7059],[0.0193641],[4345],"[""z-ai/glm-5""]",[7059],[4345],"[""generation""]",[11404],,7059,4345,0,0,0,0
73,iteration,evox,circle_packing,evaluator,,,sum_radii,1.862101043769772,2.62693018166344,69,0.7066797130056062,0.9969374503466566,69,0.7066797130056062,0.7066797130056062,0.9969374503466566,0.9969374503466566,0.9969374503466566,,0.7066797130056062,0.9969374503466566,69,0.0382129,0.03208278,0.0,0.07029568,1.5378326600000003,0.9846216734,0.9853246302,0.9846216734,5454,28856,34310,5454,28856,2515,15827,2939,13029,0,0,2,1,1,0,,-0.2902577373410504,0.0,-0.2911493968253691,0.0,,-0.2902577373410504,,,,,,,,,,,,False,False,[],False,0,2,z-ai/glm-5,1.0,573.457111120224,"{""combined_score"": 0.7066797130056062, ""eval_time"": 285.1988112926483, ""sum_radii"": 1.862101043769772, ""target_ratio"": 0.7066797130056062, ""validity"": 1.0}","[{""input_tokens"": 2515, ""meta"": {}, ""model_name"": ""z-ai/glm-5"", ""output_tokens"": 15827, ""raw_cost"": 0.0382129, ""role"": ""generation"", ""total_tokens"": 18342}, {""input_tokens"": 2939, ""meta"": {}, ""model_name"": ""z-ai/glm-5"", ""output_tokens"": 13029, ""raw_cost"": 0.03208278, ""role"": ""retry"", ""total_tokens"": 15968}]",,,,"[15827, 13029]","[0.0382129, 0.03208278]","[2515, 2939]","[""z-ai/glm-5"", ""z-ai/glm-5""]","[15827, 13029]","[2515, 2939]","[""generation"", ""retry""]","[18342, 15968]",,15827,2515,0,0,13029,2939
75,iteration,evox,circle_packing,evaluator,,,sum_radii,2.6155459794843856,2.62693018166344,69,0.9926170700130497,0.9969374503466566,69,0.9926170700130497,0.9926170700130497,0.9969374503466566,0.9969374503466566,0.9969374503466566,,0.9926170700130497,0.9969374503466566,69,0.03444128,0.0,0.0,0.03444128,1.5722739400000003,0.9842772606,0.9846216734,0.9842772606,2704,14128,16832,2704,14128,2704,14128,0,0,0,0,1,1,0,0,,-0.004320380333606932,0.0,-0.004333652359137119,0.0,,-0.004320380333606932,,,,,,,,,,,,False,False,[],False,0,1,z-ai/glm-5,1.0,19.656681776046753,"{""combined_score"": 0.9926170700130497, ""eval_time"": 9.670298099517822, ""sum_radii"": 2.6155459794843856, ""target_ratio"": 0.9926170700130497, ""validity"": 1.0}","[{""input_tokens"": 2704, ""meta"": {}, ""model_name"": ""z-ai/glm-5"", ""output_tokens"": 14128, ""raw_cost"": 0.03444128, ""role"": ""generation"", ""total_tokens"": 16832}]",,,,[14128],[0.03444128],[2704],"[""z-ai/glm-5""]",[14128],[2704],"[""generation""]",[16832],,14128,2704,0,0,0,0
76,iteration,evox,circle_packing,evaluator,,,sum_radii,1.7006544907020074,2.62693018166344,69,0.6454096738907049,0.9969374503466566,69,0.6454096738907049,0.6454096738907049,0.9969374503466566,0.9969374503466566,0.9969374503466566,,0.6454096738907049,0.9969374503466566,69,0.03518672,0.0326375,0.0,0.06782421999999999,1.6400981600000004,0.9835990184,0.9842772606,0.9835990184,5136,27881,33017,5136,27881,2551,14500,2585,13381,0,0,2,1,1,0,,-0.3515277764559517,0.0,-0.3526076549072541,0.0,,-0.3515277764559517,,,,,,,,,,,,False,False,[],False,0,2,z-ai/glm-5,1.0,564.807284116745,"{""combined_score"": 0.6454096738907049, ""eval_time"": 264.6023507118225, ""sum_radii"": 1.7006544907020074, ""target_ratio"": 0.6454096738907049, ""validity"": 1.0}","[{""input_tokens"": 2551, ""meta"": {}, ""model_name"": ""z-ai/glm-5"", ""output_tokens"": 14500, ""raw_cost"": 0.03518672, ""role"": ""generation"", ""total_tokens"": 17051}, {""input_tokens"": 2585, ""meta"": {}, ""model_name"": ""z-ai/glm-5"", ""output_tokens"": 13381, ""raw_cost"": 0.0326375, ""role"": ""retry"", ""total_tokens"": 15966}]",,,,"[14500, 13381]","[0.03518672, 0.0326375]","[2551, 2585]","[""z-ai/glm-5"", ""z-ai/glm-5""]","[14500, 13381]","[2551, 2585]","[""generation"", ""retry""]","[17051, 15966]",,14500,2551,0,0,13381,2585
78,iteration,evox,circle_packing,evaluator,,,,,2.62693018166344,69,,0.9969374503466566,69,,,0.9969374503466566,0.9969374503466566,0.9969374503466566,,,0.9969374503466566,69,0.010959739999999999,0.02080394,0.0,0.03176368,1.6718618400000005,0.9832813816,0.9835990184,0.9832813816,10204,10616,20820,10204,10616,2952,3841,7252,6775,0,0,3,1,2,0,,,,,,,,,,,,,,,,,,,False,False,[],False,0,3,z-ai/glm-5,,360.1032898426056,"{""error"": 0.0, ""timeout"": true}","[{""input_tokens"": 2952, ""meta"": {}, ""model_name"": ""z-ai/glm-5"", ""output_tokens"": 3841, ""raw_cost"": 0.010959739999999999, ""role"": ""generation"", ""total_tokens"": 6793}, {""input_tokens"": 3404, ""meta"": {}, ""model_name"": ""z-ai/glm-5"", ""output_tokens"": 3991, ""raw_cost"": 0.01163018, ""role"": ""retry"", ""total_tokens"": 7395}, {""input_tokens"": 3848, ""meta"": {}, ""model_name"": ""z-ai/glm-5"", ""output_tokens"": 2784, ""raw_cost"": 0.00917376, ""role"": ""retry"", ""total_tokens"": 6632}]",,,,"[3841, 3991, 2784]","[0.010959739999999999, 0.01163018, 0.00917376]","[2952, 3404, 3848]","[""z-ai/glm-5"", ""z-ai/glm-5"", ""z-ai/glm-5""]","[3841, 3991, 2784]","[2952, 3404, 3848]","[""generation"", ""retry"", ""retry""]","[6793, 7395, 6632]",,3841,2952,0,0,6775,7252
81,iteration,evox,circle_packing,evaluator,,,sum_radii,2.6176201239092296,2.62693018166344,69,0.9934042215974307,0.9969374503466566,69,0.9934042215974307,0.9934042215974307,0.9969374503466566,0.9969374503466566,0.9969374503466566,,0.9934042215974307,0.9969374503466566,69,0.017287939999999998,0.0,0.0,0.017287939999999998,1.6891497800000004,0.9831085022,0.9832813816,0.9831085022,5857,5683,11540,5857,5683,5857,5683,0,0,0,0,1,1,0,0,,-0.003533228749225903,0.0,-0.0035440826784040695,0.0,,-0.003533228749225903,,,,,,,,,,,,False,False,[],False,0,1,z-ai/glm-5,1.0,425.6058750152588,"{""combined_score"": 0.9934042215974307, ""eval_time"": 207.7355329990387, ""sum_radii"": 2.6176201239092296, ""target_ratio"": 0.9934042215974307, ""validity"": 1.0}","[{""input_tokens"": 5857, ""meta"": {}, ""model_name"": ""z-ai/glm-5"", ""output_tokens"": 5683, ""raw_cost"": 0.017287939999999998, ""role"": ""generation"", ""total_tokens"": 11540}]",,,,[5683],[0.017287939999999998],[5857],"[""z-ai/glm-5""]",[5683],[5857],"[""generation""]",[11540],,5683,5857,0,0,0,0
82,iteration,evox,circle_packing,evaluator,,,,,2.62693018166344,69,,0.9969374503466566,69,,,0.9969374503466566,0.9969374503466566,0.9969374503466566,,,0.9969374503466566,69,0.00966582,0.02413588,0.0,0.0338017,1.7229514800000003,0.9827704852,0.9831085022,0.9827704852,10610,11375,21985,10610,11375,3161,3213,7449,8162,0,0,3,1,2,0,,,,,,,,,,,,,,,,,,,False,False,[],False,0,3,z-ai/glm-5,,0.0,{},"[{""input_tokens"": 3161, ""meta"": {}, ""model_name"": ""z-ai/glm-5"", ""output_tokens"": 3213, ""raw_cost"": 0.00966582, ""role"": ""generation"", ""total_tokens"": 6374}, {""input_tokens"": 3523, ""meta"": {}, ""model_name"": ""z-ai/glm-5"", ""output_tokens"": 4270, ""raw_cost"": 0.01235756, ""role"": ""retry"", ""total_tokens"": 7793}, {""input_tokens"": 3926, ""meta"": {}, ""model_name"": ""z-ai/glm-5"", ""output_tokens"": 3892, ""raw_cost"": 0.011778319999999998, ""role"": ""retry"", ""total_tokens"": 7818}]",,,,"[3213, 4270, 3892]","[0.00966582, 0.01235756, 0.011778319999999998]","[3161, 3523, 3926]","[""z-ai/glm-5"", ""z-ai/glm-5"", ""z-ai/glm-5""]","[3213, 4270, 3892]","[3161, 3523, 3926]","[""generation"", ""retry"", ""retry""]","[6374, 7793, 7818]",,3213,3161,0,0,8162,7449
85,iteration,evox,circle_packing,evaluator,,,sum_radii,2.6127631355062255,2.62693018166344,69,0.9915609622414518,0.9969374503466566,69,0.9915609622414518,0.9915609622414518,0.9969374503466566,0.9969374503466566,0.9969374503466566,,0.9915609622414518,0.9969374503466566,69,0.0346926,0.0,0.0108653,0.0455579,1.7685093800000002,0.9823149062,0.9827704852,0.9823149062,7075,17593,24668,7075,17593,2855,14190,0,0,4220,3403,2,1,0,1,,-0.005376488105204746,0.0,-0.00539300444911085,0.0,,-0.005376488105204746,,,,,,,,,,,,True,True,"[""evox_search_algorithm_generation""]",False,0,1,z-ai/glm-5,1.0,8.377652883529663,"{""combined_score"": 0.9915609622414518, ""eval_time"": 3.9983413219451904, ""sum_radii"": 2.6127631355062255, ""target_ratio"": 0.9915609622414518, ""validity"": 1.0}","[{""input_tokens"": 2855, ""meta"": {}, ""model_name"": ""z-ai/glm-5"", ""output_tokens"": 14190, ""raw_cost"": 0.0346926, ""role"": ""generation"", ""total_tokens"": 17045}, {""input_tokens"": 4220, ""meta"": {""inner_search_iteration"": 5, ""original_role"": ""generation"", ""source"": ""evox_search_algorithm_generation""}, ""model_name"": ""z-ai/glm-5"", ""output_tokens"": 3403, ""raw_cost"": 0.0108653, ""role"": ""guide"", ""total_tokens"": 7623}]",,,,"[14190, 3403]","[0.0346926, 0.0108653]","[2855, 4220]","[""z-ai/glm-5"", ""z-ai/glm-5""]","[14190, 3403]","[2855, 4220]","[""generation"", ""guide""]","[17045, 7623]",,14190,2855,3403,4220,0,0
86,iteration,evox,circle_packing,evaluator,,,combined_score,0.0,2.62693018166344,69,0.0,0.9969374503466566,69,0.0,0.0,0.9969374503466566,0.9969374503466566,0.9969374503466566,,,0.9969374503466566,69,0.009703019999999998,0.0155363,0.0,0.025239319999999996,1.7937487000000003,0.982062513,0.9823149062,0.982062513,8841,8206,17047,8841,8206,2676,3381,6165,4825,0,0,3,1,2,0,,-0.9969374503466566,0.0,-1.0,0.0,,-0.9969374503466566,,,,,,,,,,,,False,False,[],False,0,3,z-ai/glm-5,0.0,0.4777822494506836,"{""combined_score"": 0.0, ""error"": ""Program execution failed: dual_annealing() got an unexpected keyword argument 'local_search_options'"", ""validity"": 0.0}","[{""input_tokens"": 2676, ""meta"": {}, ""model_name"": ""z-ai/glm-5"", ""output_tokens"": 3381, ""raw_cost"": 0.009703019999999998, ""role"": ""generation"", ""total_tokens"": 6057}, {""input_tokens"": 3075, ""meta"": {}, ""model_name"": ""z-ai/glm-5"", ""output_tokens"": 1865, ""raw_cost"": 0.0065035, ""role"": ""retry"", ""total_tokens"": 4940}, {""input_tokens"": 3090, ""meta"": {}, ""model_name"": ""z-ai/glm-5"", ""output_tokens"": 2960, ""raw_cost"": 0.009032799999999999, ""role"": ""retry"", ""total_tokens"": 6050}]",,,,"[3381, 1865, 2960]","[0.009703019999999998, 0.0065035, 0.009032799999999999]","[2676, 3075, 3090]","[""z-ai/glm-5"", ""z-ai/glm-5"", ""z-ai/glm-5""]","[3381, 1865, 2960]","[2676, 3075, 3090]","[""generation"", ""retry"", ""retry""]","[6057, 4940, 6050]",,3381,2676,0,0,4825,6165
89,iteration,evox,circle_packing,evaluator,,,sum_radii,2.24272449108065,2.62693018166344,69,0.8511288391197913,0.9969374503466566,69,0.8511288391197913,0.8511288391197913,0.9969374503466566,0.9969374503466566,0.9969374503466566,,0.8511288391197913,0.9969374503466566,69,0.020381299999999998,0.02008488,0.0,0.04046618,1.8342148800000002,0.9816578512,0.982062513,0.9816578512,9069,14755,23824,9069,14755,2525,8071,6544,6684,0,0,3,1,2,0,,-0.14580861122686528,0.0,-0.14625652910938844,0.0,,-0.14580861122686528,,,,,,,,,,,,False,False,[],False,0,3,z-ai/glm-5,1.0,179.52370882034302,"{""combined_score"": 0.8511288391197913, ""eval_time"": 89.82314324378967, ""sum_radii"": 2.24272449108065, ""target_ratio"": 0.8511288391197913, ""validity"": 1.0}","[{""input_tokens"": 2525, ""meta"": {}, ""model_name"": ""z-ai/glm-5"", ""output_tokens"": 8071, ""raw_cost"": 0.020381299999999998, ""role"": ""generation"", ""total_tokens"": 10596}, {""input_tokens"": 3029, ""meta"": {}, ""model_name"": ""z-ai/glm-5"", ""output_tokens"": 4166, ""raw_cost"": 0.011762680000000001, ""role"": ""retry"", ""total_tokens"": 7195}, {""input_tokens"": 3515, ""meta"": {}, ""model_name"": ""z-ai/glm-5"", ""output_tokens"": 2518, ""raw_cost"": 0.008322199999999998, ""role"": ""retry"", ""total_tokens"": 6033}]",,,,"[8071, 4166, 2518]","[0.020381299999999998, 0.011762680000000001, 0.008322199999999998]","[2525, 3029, 3515]","[""z-ai/glm-5"", ""z-ai/glm-5"", ""z-ai/glm-5""]","[8071, 4166, 2518]","[2525, 3029, 3515]","[""generation"", ""retry"", ""retry""]","[10596, 7195, 6033]",,8071,2525,0,0,6684,6544
92,iteration,evox,circle_packing,evaluator,,,sum_radii,1.6882810047923589,2.62693018166344,69,0.640713853811142,0.9969374503466566,69,0.640713853811142,0.640713853811142,0.9969374503466566,0.9969374503466566,0.9969374503466566,,0.640713853811142,0.9969374503466566,69,0.02526678,0.0,0.0,0.02526678,1.8594816600000001,0.9814051834,0.9816578512,0.9814051834,2519,10197,12716,2519,10197,2519,10197,0,0,0,0,1,1,0,0,,-0.3562235965355146,0.0,-0.3573179003473568,0.0,,-0.3562235965355146,,,,,,,,,,,,False,False,[],False,0,1,z-ai/glm-5,1.0,68.61367344856262,"{""combined_score"": 0.640713853811142, ""eval_time"": 33.974337339401245, ""sum_radii"": 1.6882810047923589, ""target_ratio"": 0.640713853811142, ""validity"": 1.0}","[{""input_tokens"": 2519, ""meta"": {}, ""model_name"": ""z-ai/glm-5"", ""output_tokens"": 10197, ""raw_cost"": 0.02526678, ""role"": ""generation"", ""total_tokens"": 12716}]",,,,[10197],[0.02526678],[2519],"[""z-ai/glm-5""]",[10197],[2519],"[""generation""]",[12716],,10197,2519,0,0,0,0
93,iteration,evox,circle_packing,evaluator,,,sum_radii,1.2021979489017922,2.62693018166344,69,0.45624210584508246,0.9969374503466566,69,0.45624210584508246,0.45624210584508246,0.9969374503466566,0.9969374503466566,0.9969374503466566,,0.45624210584508246,0.9969374503466566,69,0.0310832,0.01693486,0.0,0.04801806,1.9074997200000001,0.9809250028,0.9814051834,0.9809250028,8588,18189,26777,8588,18189,2525,12724,6063,5465,0,0,3,1,2,0,,-0.5406953445015741,0.0,-0.5423563377156337,0.0,,-0.5406953445015741,,,,,,,,,,,,False,False,[],False,0,3,z-ai/glm-5,1.0,129.85804176330566,"{""combined_score"": 0.45624210584508246, ""eval_time"": 64.6322386264801, ""sum_radii"": 1.2021979489017922, ""target_ratio"": 0.45624210584508246, ""validity"": 1.0}","[{""input_tokens"": 2525, ""meta"": {}, ""model_name"": ""z-ai/glm-5"", ""output_tokens"": 12724, ""raw_cost"": 0.0310832, ""role"": ""generation"", ""total_tokens"": 15249}, {""input_tokens"": 3024, ""meta"": {}, ""model_name"": ""z-ai/glm-5"", ""output_tokens"": 2170, ""raw_cost"": 0.00716828, ""role"": ""retry"", ""total_tokens"": 5194}, {""input_tokens"": 3039, ""meta"": {}, ""model_name"": ""z-ai/glm-5"", ""output_tokens"": 3295, ""raw_cost"": 0.009766579999999999, ""role"": ""retry"", ""total_tokens"": 6334}]",,,,"[12724, 2170, 3295]","[0.0310832, 0.00716828, 0.009766579999999999]","[2525, 3024, 3039]","[""z-ai/glm-5"", ""z-ai/glm-5"", ""z-ai/glm-5""]","[12724, 2170, 3295]","[2525, 3024, 3039]","[""generation"", ""retry"", ""retry""]","[15249, 5194, 6334]",,12724,2525,0,0,5465,6063
96,iteration,evox,circle_packing,evaluator,,,sum_radii,2.5024793477952727,2.62693018166344,69,0.9497075323701225,0.9969374503466566,69,0.9497075323701225,0.9497075323701225,0.9969374503466566,0.9969374503466566,0.9969374503466566,,0.9497075323701225,0.9969374503466566,69,0.0156645,0.01572918,0.0,0.03139368,1.9388934000000002,0.980611066,0.9809250028,0.980611066,6764,11532,18296,6764,11532,3155,5823,3609,5709,0,0,2,1,1,0,,-0.047229917976534086,0.0,-0.047375006285611226,0.0,,-0.047229917976534086,,,,,,,,,,,,False,False,[],False,0,2,z-ai/glm-5,1.0,22.590928316116333,"{""combined_score"": 0.9497075323701225, ""eval_time"": 11.718876361846924, ""sum_radii"": 2.5024793477952727, ""target_ratio"": 0.9497075323701225, ""validity"": 1.0}","[{""input_tokens"": 3155, ""meta"": {}, ""model_name"": ""z-ai/glm-5"", ""output_tokens"": 5823, ""raw_cost"": 0.0156645, ""role"": ""generation"", ""total_tokens"": 8978}, {""input_tokens"": 3609, ""meta"": {}, ""model_name"": ""z-ai/glm-5"", ""output_tokens"": 5709, ""raw_cost"": 0.01572918, ""role"": ""retry"", ""total_tokens"": 9318}]",,,,"[5823, 5709]","[0.0156645, 0.01572918]","[3155, 3609]","[""z-ai/glm-5"", ""z-ai/glm-5""]","[5823, 5709]","[3155, 3609]","[""generation"", ""retry""]","[8978, 9318]",,5823,3155,0,0,5709,3609
98,iteration,evox,circle_packing,evaluator,,,,,2.62693018166344,69,,0.9969374503466566,69,,,0.9969374503466566,0.9969374503466566,0.9969374503466566,,,0.9969374503466566,69,0.019658619999999998,0.018852419999999998,0.0,0.038511039999999996,1.9774044400000002,0.9802259556,0.980611066,0.9802259556,8957,13940,22897,8957,13940,2831,7661,6126,6279,0,0,3,1,2,0,,,,,,,,,,,,,,,,,,,False,False,[],False,0,3,z-ai/glm-5,,0.0,{},"[{""input_tokens"": 2831, ""meta"": {}, ""model_name"": ""z-ai/glm-5"", ""output_tokens"": 7661, ""raw_cost"": 0.019658619999999998, ""role"": ""generation"", ""total_tokens"": 10492}, {""input_tokens"": 2865, ""meta"": {}, ""model_name"": ""z-ai/glm-5"", ""output_tokens"": 4008, ""raw_cost"": 0.011281199999999998, ""role"": ""retry"", ""total_tokens"": 6873}, {""input_tokens"": 3261, ""meta"": {}, ""model_name"": ""z-ai/glm-5"", ""output_tokens"": 2271, ""raw_cost"": 0.007571219999999999, ""role"": ""retry"", ""total_tokens"": 5532}]",,,,"[7661, 4008, 2271]","[0.019658619999999998, 0.011281199999999998, 0.007571219999999999]","[2831, 2865, 3261]","[""z-ai/glm-5"", ""z-ai/glm-5"", ""z-ai/glm-5""]","[7661, 4008, 2271]","[2831, 2865, 3261]","[""generation"", ""retry"", ""retry""]","[10492, 6873, 5532]",,7661,2831,0,0,6279,6126
